"id";"vio"
"1069077806463975";"FALSE"
"1065824423455980";"FALSE"
"1064411476930608";"FALSE"
"1069116643126758";"FALSE"
"1065867473451675";"TRUE"
"1065880866783669";"FALSE"
"1065868516784904";"FALSE"
"1065882156783540";"FALSE"
"1065825330122556";"FALSE"
"1064363103602112";"FALSE"
"1065830673455355";"FALSE"
"1065802840124805";"FALSE"
"1064655503572872";"FALSE"
"1064441993594223";"FALSE"
"1066040990100990";"FALSE"
"1069127059792383";"FALSE"
"1065847320120357";"FALSE"
"1064441946927561";"FALSE"
"1065875530117536";"FALSE"
"1065859820119107";"FALSE"
"1065824020122687";"FALSE"
"1069164643121958";"FALSE"
"1069104433127979";"FALSE"
"1069128756458880";"FALSE"
"1064518290253260";"FALSE"
"1069077826463973";"FALSE"
"1065895823448840";"FALSE"
"1065806996791056";"FALSE"
"1064634410241648";"FALSE"
"1065800806791675";"FALSE"
"1065841533454269";"FALSE"
"1065938206777935";"FALSE"
"1065824936789262";"FALSE"
"1064593270245762";"FALSE"
"1065863873452035";"FALSE"
"1065897210115368";"FALSE"
"1064623233576099";"FALSE"
"1069086469796442";"FALSE"
"1065834123455010";"FALSE"
"1065802323458190";"FALSE"
"1065848556786900";"FALSE"
"1065896900115399";"FALSE"
"1065853216786434";"FALSE"
"1065802966791459";"FALSE"
"1065828656788890";"FALSE"
"1064698556901900";"FALSE"
"1064996736872082";"FALSE"
"1065818066789949";"FALSE"
"1065828670122222";"FALSE"
"1066428593395563";"FALSE"
"1069093459795743";"FALSE"
"1069088383129584";"FALSE"
"1069073549797734";"TRUE"
"1066008933437529";"FALSE"
"1069093209795768";"FALSE"
"1064464676925288";"FALSE"
"1065867610118328";"FALSE"
"1064375313600891";"FALSE"
"1069081006463655";"FALSE"
"1064711223567300";"FALSE"
"1069103353128087";"FALSE"
"1065937926777963";"FALSE"
"1065867113451711";"FALSE"
"1064614890243600";"FALSE"
"1064468526924903";"FALSE"
"1069091096462646";"FALSE"
"1065903400114749";"FALSE"
"1065855763452846";"FALSE"
"1064434893594933";"FALSE"
"1069216369783452";"FALSE"
"1064431840261905";"FALSE"
"1066208686750887";"FALSE"
"1064359360269153";"FALSE"
"1066033570101732";"FALSE"
"1069174773120945";"FALSE"
"1066619740043115";"FALSE"
"1065855853452837";"FALSE"
"1065869666784789";"FALSE"
"1065813406790415";"FALSE"
"1065867140118375";"FALSE"
"1069074516464304";"FALSE"
"1069085336463222";"FALSE"
"1069076883130734";"FALSE"
"1069068516464904";"FALSE"
"1065792403459182";"FALSE"
"1069123816459374";"FALSE"
"1064391633599259";"FALSE"
"1065828213455601";"FALSE"
"1069085549796534";"FALSE"
"1069177133120709";"FALSE"
"1069074896464266";"FALSE"
"1064361593602263";"FALSE"
"1069102383128184";"FALSE"
"1065837883454634";"FALSE"
"1065879573450465";"FALSE"
"1069116746460081";"FALSE"
"1066088116762944";"FALSE"
"1069201959784893";"FALSE"
"1064397746931981";"FALSE"
"1064396950265394";"FALSE"
"1065903976781358";"FALSE"
"1064426443595778";"FALSE"
"1069083516463404";"FALSE"
"1065798800125209";"FALSE"
"1069102733128149";"FALSE"
"1064679836903772";"FALSE"
"1064381280266961";"FALSE"
"1069183226453433";"FALSE"
"1065902996781456";"FALSE"
"1065809333457489";"FALSE"
"1064996436872112";"FALSE"
"1065924640112625";"FALSE"
"1065833020121787";"FALSE"
"1065902480114841";"FALSE"
"1065989990106090";"FALSE"
"1069232566448499";"FALSE"
"1064406963597726";"FALSE"
"1065811160123973";"FALSE"
"1069207073117715";"FALSE"
"1065897560115333";"FALSE"
"1065832336788522";"FALSE"
"1069097783128644";"FALSE"
"1064369770268112";"FALSE"
"1065868406784915";"FALSE"
"1069092659795823";"FALSE"
"1066461813392241";"FALSE"
"1069095506462205";"FALSE"
"1064697370235352";"FALSE"
"1064364873601935";"FALSE"
"1069080206463735";"FALSE"
"1069222269782862";"FALSE"
"1065818930123196";"FALSE"
"1066685746703181";"FALSE"
"1064687373569685";"FALSE"
"1069087173129705";"FALSE"
"1065838310121258";"FALSE"
"1064378270267262";"FALSE"
"1069145719790517";"FALSE"
"1068672513171171";"FALSE"
"1065852743453148";"FALSE"
"1065952803443142";"FALSE"
"1069229956448760";"FALSE"
"1065799943458428";"FALSE"
"1065801556791600";"FALSE"
"1065920073446415";"FALSE"
"1065826766789079";"FALSE"
"1065854830119606";"FALSE"
"1065903630114726";"FALSE"
"1065895560115533";"FALSE"
"1064353540269735";"FALSE"
"1152511361453952";"FALSE"
"1152523058119449";"FALSE"
"1152537734784648";"FALSE"
"1152545501450538";"FALSE"
"1134157633289325";"FALSE"
"1134091523295936";"FALSE"
"1152555984782823";"FALSE"
"1152512421453846";"FALSE"
"1152518951453193";"FALSE"
"1134186216619800";"FALSE"
"1134130139958741";"FALSE"
"1152508841454204";"FALSE"
"1152507614787660";"FALSE"
"1121643084540780";"FALSE"
"1152512101453878";"FALSE"
"1134097763295312";"FALSE"
"1152513361453752";"TRUE"
"1134486796589742";"FALSE"
"1134215903283498";"FALSE"
"1121892254515863";"FALSE"
"1152510994787322";"FALSE"
"1134559846582437";"FALSE"
"1121952114509877";"FALSE"
"1134247406613681";"FALSE"
"1134071893297899";"TRUE"
"1134145889957166";"FALSE"
"1134742193230869";"FALSE"
"1134215799950175";"FALSE"
"1134078896630532";"FALSE"
"1152555988116156";"FALSE"
"1134076629964092";"FALSE"
"1152515034786918";"FALSE"
"1134086846629737";"FALSE"
"1134155773289511";"FALSE"
"1134140109957744";"FALSE"
"1152564658115289";"FALSE"
"1134242763280812";"FALSE"
"1134074543297634";"FALSE"
"1134105939961161";"FALSE"
"1134071993297889";"FALSE"
"1134072649964490";"FALSE"
"1134095683295520";"FALSE"
"1134168909954864";"FALSE"
"1152508174787604";"TRUE"
"1134086343296454";"FALSE"
"1152509421454146";"FALSE"
"1152508151454273";"FALSE"
"1134102526628169";"FALSE"
"1134077236630698";"FALSE"
"1152505068121248";"FALSE"
"1152507924787629";"FALSE"
"1134077273297361";"FALSE"
"1134146769957078";"FALSE"
"1134082656630156";"FALSE"
"1134726699899085";"FALSE"
"1134069906631431";"FALSE"
"1134801793224909";"TRUE"
"1152575421447546";"FALSE"
"1134071536631268";"FALSE"
"1152503151454773";"FALSE"
"1134217569949998";"FALSE"
"1134083793296709";"FALSE"
"1152544814783940";"FALSE"
"1134206479951107";"FALSE"
"1152563158115439";"FALSE"
"1152509734787448";"FALSE"
"1152568078114947";"FALSE"
"1152579411447147";"FALSE"
"1134090283296060";"FALSE"
"1134093663295722";"FALSE"
"1134221639949591";"FALSE"
"1134593753245713";"FALSE"
"1152504948121260";"FALSE"
"1121888927849529";"FALSE"
"1152526004785821";"FALSE"
"1134479919923763";"FALSE"
"1134201753284913";"FALSE"
"1134083879963367";"FALSE"
"1152506528121102";"FALSE"
"1134090139962741";"FALSE"
"1134073256631096";"FALSE"
"1152502271454861";"FALSE"
"1134073803297708";"FALSE"
"1152512918120463";"FALSE"
"1152503184788103";"FALSE"
"1152505034787918";"FALSE"
"1152519411453147";"FALSE"
"1152509578120797";"FALSE"
"1152536448118110";"FALSE"
"1134157546622667";"FALSE"
"1121736904531398";"FALSE"
"1152544111450677";"FALSE"
"1134232853281803";"FALSE"
"1134207013284387";"FALSE"
"1134096826628739";"FALSE"
"1152546918117063";"FALSE"
"1134609763244112";"FALSE"
"1134195346618887";"FALSE"
"1134257893279299";"TRUE"
"1152502898121465";"FALSE"
"1134361356602286";"FALSE"
"1152521774786244";"FALSE"
"1152571134781308";"FALSE"
"1121690847869337";"FALSE"
"1121750364530052";"FALSE"
"1134072919964463";"FALSE"
"1152544654783956";"FALSE"
"1122544574450631";"FALSE"
"1134126643292424";"FALSE"
"1134089696629452";"FALSE"
"1134075309964224";"FALSE"
"1134169296621492";"FALSE"
"1152521954786226";"FALSE"
"1134149589956796";"FALSE"
"1134075276630894";"FALSE"
"1134220483283040";"FALSE"
"1134095983295490";"FALSE"
"1121813904523698";"FALSE"
"1152556344782787";"FALSE"
"1134479063257182";"FALSE"
"1121735654531523";"FALSE"
"1134071733297915";"FALSE"
"1134071846631237";"FALSE"
"1134158083289280";"FALSE"
"1134074799964275";"FALSE"
"1134070393298049";"FALSE"
"1134257496612672";"FALSE"
"1152529371452151";"FALSE"
"1134077456630676";"FALSE"
"1134145993290489";"FALSE"
"1134086653296423";"FALSE"
"1152510788120676";"FALSE"
"1134075656630856";"FALSE"
"1134220339949721";"FALSE"
"1134621943242894";"FALSE"
"1152540161451072";"FALSE"
"1152527208119034";"FALSE"
"1152531608118594";"FALSE"
"1134077853297303";"TRUE"
"1134455326592889";"FALSE"
"1152564918115263";"FALSE"
"1152515114786910";"FALSE"
"1152533004785121";"FALSE"
"1134075059964249";"FALSE"
"1122246361147119";"FALSE"
"1134482246590197";"FALSE"
"1152532858118469";"FALSE"
"1134108226627599";"FALSE"
"1152513124787109";"FALSE"
"1134091023295986";"FALSE"
"1063652480339841";"FALSE"
"1063720586999697";"FALSE"
"1063779086993847";"FALSE"
"1063669083671514";"FALSE"
"1063665150338574";"FALSE"
"1063854803652942";"FALSE"
"1063450947026661";"FALSE"
"1063836613654761";"FALSE"
"1064309123607510";"FALSE"
"1063290077042748";"FALSE"
"1064026543635768";"FALSE"
"1063302350374854";"FALSE"
"1063666220338467";"FALSE"
"1063844610320628";"FALSE"
"1063700500335039";"FALSE"
"1063752740329815";"FALSE"
"1063655067006249";"FALSE"
"1063667230338366";"FALSE"
"1064100146961741";"FALSE"
"1063665687005187";"FALSE"
"1063794470325642";"FALSE"
"1063772613661161";"FALSE"
"1063749530330136";"FALSE"
"1063480237023732";"FALSE"
"1063285323709890";"FALSE"
"1063435637028192";"FALSE"
"1063670877004668";"FALSE"
"1063700000335089";"FALSE"
"1063737606997995";"FALSE"
"1063827523655670";"FALSE"
"1064063733632049";"FALSE"
"1063670220338067";"FALSE"
"1063296337042122";"FALSE"
"1063451123693310";"FALSE"
"1063797453658677";"FALSE"
"1063713930333696";"FALSE"
"1063637447008011";"FALSE"
"1063657857005970";"FALSE"
"1063636170341472";"FALSE"
"1063289120376177";"FALSE"
"1063723953666027";"FALSE"
"1063645260340563";"FALSE"
"1064053596966396";"FALSE"
"1063471220357967";"FALSE"
"1064169466954809";"FALSE"
"1064174706954285";"FALSE"
"1064308590274230";"FALSE"
"1064095923628830";"FALSE"
"1063274497044306";"FALSE"
"1063426990362390";"FALSE"
"1063604143678008";"FALSE"
"1063650957006660";"FALSE"
"1063294373708985";"FALSE"
"1063658460339243";"FALSE"
"1064331186938637";"FALSE"
"1063658933672529";"FALSE"
"1063671483671274";"FALSE"
"1063482983690124";"FALSE"
"1063353723703050";"FALSE"
"1064113860293703";"FALSE"
"1063687017003054";"FALSE"
"1064312256940530";"FALSE"
"1064132866958469";"FALSE"
"1063297700375319";"FALSE"
"1063699623668460";"FALSE"
"1063271437044612";"FALSE"
"1064218396949916";"FALSE"
"1063803470324742";"FALSE"
"1063454980359591";"FALSE"
"1063690973669325";"FALSE"
"1063579613680461";"FALSE"
"1064097873628635";"FALSE"
"1063745966997159";"FALSE"
"1063657183672704";"TRUE"
"1063710507000705";"FALSE"
"1063276293710793";"FALSE"
"1063721526999603";"FALSE"
"1064095176962238";"FALSE"
"1063421903696232";"FALSE"
"1064313216940434";"FALSE"
"1063418253696597";"FALSE"
"1063767293661693";"FALSE"
"1063637687007987";"FALSE"
"1064309613607461";"FALSE"
"1064186466953109";"FALSE"
"1063729440332145";"FALSE"
"1063798360325253";"FALSE"
"1063713057000450";"FALSE"
"1063659203672502";"FALSE"
"1064351283603294";"FALSE"
"1063681657003590";"FALSE"
"1063497467022009";"FALSE"
"1063288037042952";"FALSE"
"1063420490363040";"FALSE"
"1064345083603914";"FALSE"
"1063363787035377";"FALSE"
"1063729926998763";"FALSE"
"1063271857044570";"FALSE"
"1063781233660299";"FALSE"
"1063657247006031";"FALSE"
"1063811390323950";"FALSE"
"1063439613694461";"FALSE"
"1063507557021000";"FALSE"
"1064351616936594";"FALSE"
"1063671993671223";"FALSE"
"1063682823670140";"FALSE"
"1063751996996556";"FALSE"
"1064311776940578";"FALSE"
"1064349993603423";"FALSE"
"1064312623607160";"FALSE"
"1063670293671393";"FALSE"
"1063665160338573";"FALSE"
"1064300370275052";"FALSE"
"1064310210274068";"FALSE"
"1064314573606965";"FALSE"
"1064029203635502";"FALSE"
"1063564963681926";"FALSE"
"1064066103631812";"FALSE"
"1063748500330239";"FALSE"
"1063648210340268";"FALSE"
"1063285397043216";"FALSE"
"1064096090295480";"FALSE"
"1064317020273387";"FALSE"
"1063737950331294";"FALSE"
"862077520497339";"FALSE"
"876267342411690";"FALSE"
"862797453758679";"FALSE"
"862105183827906";"FALSE"
"876263995745358";"FALSE"
"861976453840779";"FALSE"
"876259309079160";"FALSE"
"862005870504504";"FALSE"
"862021310502960";"FALSE"
"861991283839296";"FALSE"
"876250375746720";"FALSE"
"876244669080624";"FALSE"
"862020527169705";"FALSE"
"862103870494704";"FALSE"
"874508542587570";"FALSE"
"876248015746956";"FALSE"
"876266252411799";"FALSE"
"862703553768069";"FALSE"
"862621860442905";"FALSE"
"862036823834742";"FALSE"
"862160940488997";"FALSE"
"874735189231572";"FALSE"
"862033597168398";"FALSE"
"876263115745446";"FALSE"
"862118133826611";"FALSE"
"874510025920755";"FALSE"
"862030113835413";"FALSE"
"862006910504400";"FALSE"
"862019293836495";"FALSE"
"874511345920623";"FALSE"
"876248322413592";"FALSE"
"874820899223001";"FALSE"
"876254429079648";"FALSE"
"862104167161341";"FALSE"
"862094447162313";"FALSE"
"862254353812989";"FALSE"
"862016563836768";"FALSE"
"861973973841027";"FALSE"
"862284483809976";"FALSE"
"862118067159951";"FALSE"
"862025800502511";"FALSE"
"862053823833042";"FALSE"
"862054977166260";"FALSE"
"876262309078860";"FALSE"
"861975360507555";"FALSE"
"876258019079289";"FALSE"
"862235537148204";"FALSE"
"862611490443942";"FALSE"
"874452259259865";"FALSE"
"862051550499936";"FALSE"
"874544392583985";"FALSE"
"876248335746924";"FALSE"
"862017033836721";"FALSE"
"862030910502000";"FALSE"
"874457365926021";"FALSE"
"862078220497269";"FALSE"
"861976650507426";"FALSE"
"861975947174163";"FALSE"
"862018940503197";"FALSE"
"862535033784921";"FALSE"
"862122023826222";"FALSE"
"876246812413743";"FALSE"
"862056920499399";"FALSE"
"862013683837056";"FALSE"
"861990657172692";"FALSE"
"862117000493391";"FALSE"
"861986343839790";"FALSE"
"876260075745750";"FALSE"
"862083083830116";"FALSE"
"874462949258796";"FALSE"
"875553762483048";"FALSE"
"862125147159243";"FALSE"
"862005803837844";"FALSE"
"862201897151568";"FALSE"
"876259739079117";"FALSE"
"862128030492288";"FALSE"
"861972903841134";"FALSE"
"862040777167680";"FALSE"
"874734749231616";"FALSE"
"862008630504228";"FALSE"
"874459945925763";"FALSE"
"862455193792905";"FALSE"
"876263492412075";"FALSE"
"862014803836944";"FALSE"
"874587235913034";"FALSE"
"862421907129567";"FALSE"
"862039243834500";"FALSE"
"861984770506614";"FALSE"
"862265807145177";"TRUE"
"862341607137597";"FALSE"
"861994267172331";"FALSE"
"876248312413593";"FALSE"
"874735239231567";"FALSE"
"862298997141858";"TRUE"
"862062843832140";"FALSE"
"862189227152835";"FALSE"
"862203467151411";"FALSE"
"862138830491208";"FALSE"
"862002910504800";"FALSE"
"862324777139280";"FALSE"
"876267882411636";"FALSE"
"862088640496227";"FALSE"
"876262615745496";"FALSE"
"862005373837887";"FALSE"
"862116983826726";"FALSE"
"874468169258274";"FALSE"
"862032690501822";"FALSE"
"862469483791476";"FALSE"
"876248769080214";"FALSE"
"861998647171893";"FALSE"
"876245689080522";"FALSE"
"862797160425375";"FALSE"
"862009650504126";"FALSE"
"862020667169691";"FALSE"
"862705407101217";"FALSE"
"876265065745251";"FALSE"
"862052200499871";"FALSE"
"862052020499889";"FALSE"
"861995233838901";"FALSE"
"862000027171755";"FALSE"
"862095323828892";"FALSE"
"862009163837508";"FALSE"
"862003533838071";"FALSE"
"862029277168830";"FALSE"
"874724282565996";"FALSE"
"862198240485267";"FALSE"
"862011597170598";"FALSE"
"862399300465161";"FALSE"
"861983447173413";"FALSE"
"862196590485432";"FALSE"
"862050953833329";"FALSE"
"1111454178893004";"FALSE"
"1111624275542661";"FALSE"
"1111420328896389";"FALSE"
"1111559828882439";"FALSE"
"1111306352241120";"FALSE"
"1111621455542943";"FALSE"
"1112118485493240";"FALSE"
"1111624418875980";"FALSE"
"1112092768829145";"FALSE"
"1112100428828379";"FALSE"
"1111932852178470";"FALSE"
"1112076945497394";"FALSE"
"1121161624588926";"FALSE"
"1112814782090277";"FALSE"
"1111369032234852";"FALSE"
"1111622855542803";"FALSE"
"1120175808020841";"FALSE"
"1111337555571333";"FALSE"
"1111604765544612";"FALSE"
"1116278148410607";"FALSE"
"1111653558873066";"FALSE"
"1111455908892831";"TRUE"
"1111602948878127";"FALSE"
"1111439218894500";"FALSE"
"1111858942185861";"FALSE"
"1111327375572351";"FALSE"
"1111542892217466";"FALSE"
"1112142405490848";"FALSE"
"1111311178907304";"FALSE"
"1111317028906719";"FALSE"
"1111349082236847";"FALSE"
"1112182468820175";"TRUE"
"1111369455568143";"FALSE"
"1112468378791584";"FALSE"
"1111945822177173";"FALSE"
"1111386958899726";"FALSE"
"1111331225571966";"FALSE"
"1112624902109265";"FALSE"
"1107038442667911";"FALSE"
"1111904338847988";"FALSE"
"1111328472238908";"FALSE"
"1111329572238798";"FALSE"
"1120638777974544";"FALSE"
"1112161042155651";"FALSE"
"1120374664667622";"FALSE"
"1111394838898938";"FALSE"
"1113163535388735";"FALSE"
"1112149828823439";"FALSE"
"1120476951324060";"FALSE"
"1111908962180859";"FALSE"
"1120520017986420";"FALSE"
"1111541628884259";"FALSE"
"1111875638850858";"FALSE"
"1111307568907665";"FALSE"
"1120548324650256";"FALSE"
"1111336428904779";"FALSE"
"1111818345523254";"FALSE"
"1111312708907151";"FALSE"
"1111331698905252";"FALSE"
"1111384548899967";"FALSE"
"1120217071350048";"FALSE"
"1111325292239226";"FALSE"
"1111399948898427";"FALSE"
"1111400325565056";"FALSE"
"1121590117879410";"TRUE"
"1111529922218763";"FALSE"
"1111376042234151";"FALSE"
"1121598541211901";"FALSE"
"1112008988837523";"FALSE"
"1111345025570586";"FALSE"
"1111606355544453";"FALSE"
"1111620125543076";"FALSE"
"1120452641326491";"TRUE"
"1111786358859786";"FALSE"
"1111321925572896";"FALSE"
"1111312455573843";"FALSE"
"1111347358903686";"FALSE"
"1111307682240987";"FALSE"
"1112080792163676";"FALSE"
"1112006095504479";"FALSE"
"1120544874650601";"FALSE"
"1111415102230245";"FALSE"
"1120212251350530";"FALSE"
"1111542002217555";"FALSE"
"1112114178827004";"FALSE"
"1111437668894655";"FALSE"
"1111354205569668";"FALSE"
"1111322175572871";"FALSE"
"1111327725572316";"FALSE"
"1111488015556287";"FALSE"
"1111357285569360";"FALSE"
"1111379568900465";"FALSE"
"1111440092227746";"FALSE"
"1111338875571201";"FALSE"
"1111423965562692";"FALSE"
"1111368922234863";"FALSE"
"1111909502180805";"FALSE"
"1111854672186288";"FALSE"
"1120550904649998";"FALSE"
"1120196241352131";"FALSE"
"1111860795519009";"FALSE"
"1120213258017096";"TRUE"
"1111529808885441";"FALSE"
"1111373775567711";"FALSE"
"1120160001355755";"FALSE"
"1111307342241021";"FALSE"
"1111327948905627";"FALSE"
"1112013562170399";"FALSE"
"1111501105554978";"FALSE"
"1111858225519266";"FALSE"
"1111606708877751";"FALSE"
"1111306108907811";"FALSE"
"1112417015463387";"FALSE"
"1121604714544617";"FALSE"
"1107325022639253";"FALSE"
"1107509172620838";"FALSE"
"1111395975565491";"FALSE"
"1111669778871444";"FALSE"
"1120416677996754";"FALSE"
"1111322248906197";"FALSE"
"1107506442621111";"FALSE"
"1112236108814811";"FALSE"
"1111670682204687";"FALSE"
"1111437892227966";"FALSE"
"1111348012236954";"FALSE"
"1120472281324527";"FALSE"
"1106632909375131";"FALSE"
"1120166181355137";"FALSE"
"1111602725544816";"FALSE"
"1112130495492039";"FALSE"
"1111669308871491";"FALSE"
"1052492288122527";"FALSE"
"1043637799007976";"FALSE"
"1052382568133499";"FALSE"
"1052416421463447";"FALSE"
"1043805732324516";"FALSE"
"1043606882344401";"FALSE"
"1043750598996696";"FALSE"
"1043630395675383";"FALSE"
"1043629995675423";"FALSE"
"1052415988130157";"FALSE"
"1052520624786360";"FALSE"
"1052449404793482";"FALSE"
"1052926798079076";"FALSE"
"1052539804784442";"FALSE"
"1044018722303217";"FALSE"
"1043893125649110";"FALSE"
"1055088711196218";"FALSE"
"1043816175656805";"FALSE"
"1044222715616151";"FALSE"
"1043633469008409";"FALSE"
"1052437204794702";"FALSE"
"1052450668126689";"FALSE"
"1052863494752073";"FALSE"
"1043618409009915";"FALSE"
"1052382858133470";"FALSE"
"1052414134797009";"FALSE"
"1055316054506817";"FALSE"
"1052431618128594";"FALSE"
"1055211217850634";"FALSE"
"1043697619001994";"FALSE"
"1044182942286795";"FALSE"
"1043611112343978";"FALSE"
"1055075051197584";"FALSE"
"1043623222342767";"FALSE"
"1052431584795264";"TRUE"
"1055079691197120";"FALSE"
"1052513921453697";"FALSE"
"1043702025668220";"FALSE"
"1052382181466871";"TRUE"
"1043661422338947";"FALSE"
"1043607772344312";"FALSE"
"1056477567723999";"FALSE"
"1043608979010858";"FALSE"
"1052411088130647";"FALSE"
"1052550708116685";"FALSE"
"1053164861388603";"FALSE"
"1043638669007889";"FALSE"
"1043609129010843";"FALSE"
"1052473514791071";"FALSE"
"1043603299011426";"FALSE"
"1055088994529523";"FALSE"
"1055094697862286";"FALSE"
"1052387834799639";"FALSE"
"1055664134472009";"FALSE"
"1052417571463332";"FALSE"
"1052537564784666";"FALSE"
"1055323881172701";"FALSE"
"1055090364529386";"FALSE"
"1055267614511661";"FALSE"
"1044517805586642";"FALSE"
"1052390808132675";"FALSE"
"1043667629004993";"FALSE"
"1044036192301470";"FALSE"
"1055080077863748";"FALSE"
"1044243082280781";"FALSE"
"1052416324796790";"FALSE"
"1043666432338446";"FALSE"
"1043681459003610";"FALSE"
"1055137067858049";"FALSE"
"1056472857724470";"FALSE"
"1052639064774516";"FALSE"
"1055665194471903";"FALSE"
"1055075647864191";"FALSE"
"1055346864503736";"FALSE"
"1055584467813309";"FALSE"
"1055410877830668";"FALSE"
"1052844554753967";"FALSE"
"1055409371164152";"FALSE"
"1043652532339836";"FALSE"
"1055623657809390";"FALSE"
"1044181732286916";"FALSE"
"1055103211194768";"FALSE"
"1056483754390047";"FALSE"
"1043655212339568";"FALSE"
"1043618715676551";"FALSE"
"1055400161165073";"FALSE"
"1043638379007918";"FALSE"
"1055079777863778";"TRUE"
"1052394891465600";"FALSE"
"1052406444797778";"FALSE"
"1052497151455374";"FALSE"
"1052486301456459";"FALSE"
"1055177451187344";"FALSE"
"1043664532338636";"FALSE"
"1055107914527631";"FALSE"
"1043611332343956";"FALSE"
"1052450358126720";"FALSE"
"1055102757861480";"FALSE"
"1043654569006299";"FALSE"
"1052720708099685";"FALSE"
"1052421531462936";"FALSE"
"1052401744798248";"FALSE"
"1052405014797921";"FALSE"
"1055332594505163";"FALSE"
"1056474141057675";"FALSE"
"1052488961456193";"FALSE"
"1052436041461485";"FALSE"
"1043658122339277";"FALSE"
"1043611035677319";"FALSE"
"1055199384518484";"FALSE"
"1043677355670687";"FALSE"
"1043736495664773";"FALSE"
"1055104314527991";"FALSE"
"1052568721448217";"FALSE"
"1052378601467229";"FALSE"
"1043702045668218";"FALSE"
"1043749502330139";"FALSE"
"1043621425676280";"FALSE"
"1055400284498394";"FALSE"
"1055326861172403";"FALSE"
"1055294291175660";"TRUE"
"1055254587846297";"FALSE"
"1055075254530897";"FALSE"
"1052475711457518";"FALSE"
"1052578838113872";"FALSE"
"1043664512338638";"FALSE"
"1055087874529635";"FALSE"
"1052526031452486";"FALSE"
"1043733988998357";"FALSE"
"1043610982343991";"FALSE"
"1044166458955110";"FALSE"
"1055077094530713";"FALSE"
"1055088984529524";"FALSE"
"1055081944530228";"FALSE"
"1055754277796328";"FALSE"
"1052470661458023";"TRUE"
"1055213871183702";"FALSE"
"1055395494498873";"FALSE"
"1052510378120718";"FALSE"
"1055228594515563";"FALSE"
"1052377401467349";"FALSE"
"1055261941178895";"FALSE"
"1052453944793028";"FALSE"
"1052435194794903";"FALSE"
"1043600202345069";"FALSE"
"1055082804530142";"FALSE"
"1044342978937458";"FALSE"
"1055310961173993";"FALSE"
"982779531760470";"FALSE"
"982684115103345";"FALSE"
"982683051770118";"FALSE"
"982711535100603";"TRUE"
"982724935099263";"FALSE"
"982767298428360";"FALSE"
"982727728432317";"FALSE"
"982736308431459";"FALSE"
"982740831764340";"FALSE"
"982682638436826";"FALSE"
"982709011767522";"TRUE"
"982714911766932";"FALSE"
"982737488431341";"FALSE"
"982677471770676";"FALSE"
"982798598425230";"FALSE"
"982763365095420";"FALSE"
"982683101770113";"FALSE"
"982779048427185";"FALSE"
"982679791770444";"FALSE"
"982916158413474";"FALSE"
"982788868426203";"FALSE"
"982683845103372";"FALSE"
"982762955095461";"FALSE"
"982803401758083";"FALSE"
"982691515102605";"FALSE"
"982702985101458";"FALSE"
"982684308436659";"FALSE"
"982745555097201";"FALSE"
"982908141747609";"FALSE"
"982766421761781";"FALSE"
"982764141762009";"FALSE"
"982780978426992";"FALSE"
"982902468414843";"FALSE"
"982705918434498";"FALSE"
"982685341769889";"FALSE"
"982691191769304";"FALSE"
"982735215098235";"FALSE"
"982735238431566";"FALSE"
"982696355102121";"FALSE"
"982723985099358";"FALSE"
"982682495103507";"FALSE"
"982731715098585";"FALSE"
"982680128437077";"FALSE"
"982725318432558";"FALSE"
"982728731765550";"FALSE"
"982682408436849";"FALSE"
"982786191759804";"FALSE"
"982790598426030";"FALSE"
"982702218434868";"FALSE"
"982680641770359";"FALSE"
"982707321767691";"FALSE"
"982680455103711";"FALSE"
"982758971762526";"FALSE"
"982782238426866";"FALSE"
"982695258435564";"FALSE"
"982750271763396";"FALSE"
"982763018428788";"FALSE"
"982724235099333";"FALSE"
"982735131764910";"FALSE"
"982699281768495";"FALSE"
"982740978430992";"FALSE"
"982688581769565";"TRUE"
"982791021759321";"FALSE"
"982767978428292";"FALSE"
"982728911765532";"FALSE"
"982797041758719";"FALSE"
"982791888425901";"FALSE"
"982695151768908";"FALSE"
"982694361768987";"TRUE"
"982752581763165";"FALSE"
"982704011768022";"FALSE"
"982811488423941";"FALSE"
"982803365091420";"FALSE"
"982680675103689";"FALSE"
"982680268437063";"FALSE"
"982715175100239";"TRUE"
"982696578435432";"FALSE"
"982679685103788";"FALSE"
"982700368435053";"FALSE"
"982910071747416";"FALSE"
"982711565100600";"FALSE"
"982742321764191";"FALSE"
"982775285094228";"FALSE"
"982726031765820";"FALSE"
"982756495096107";"FALSE"
"982708285100928";"FALSE"
"982678898437200";"TRUE"
"982881701750253";"FALSE"
"982679561770467";"FALSE"
"982738458431244";"FALSE"
"982690371769386";"FALSE"
"982738741764549";"TRUE"
"982677415104015";"FALSE"
"982696711768752";"TRUE"
"982682915103465";"FALSE"
"982773425094414";"FALSE"
"982733215098435";"FALSE"
"982684071770016";"FALSE"
"982679881770435";"FALSE"
"982779861760437";"TRUE"
"982708418434248";"FALSE"
"982727628432327";"FALSE"
"982680211770402";"FALSE"
"982731005098656";"FALSE"
"982714731766950";"FALSE"
"982875005084256";"FALSE"
"982695108435579";"FALSE"
"982736755098081";"FALSE"
"982725658432524";"FALSE"
"982712325100524";"TRUE"
"982934845078272";"FALSE"
"982696561768767";"TRUE"
"982708345100922";"FALSE"
"982813571757066";"FALSE"
"982680738437016";"FALSE"
"982911771747246";"FALSE"
"982728735098883";"FALSE"
"982680345103722";"FALSE"
"982743575097399";"FALSE"
"982695428435547";"TRUE"
"982734538431636";"FALSE"
"982727258432364";"FALSE"
"982733675098389";"FALSE"
"982736521764771";"FALSE"
"1056934431011646";"FALSE"
"1063251263713296";"FALSE"
"1056928281012261";"FALSE"
"1063237240381365";"FALSE"
"1056558744382548";"FALSE"
"1057052590999830";"FALSE"
"1056952157676540";"FALSE"
"1056909341014155";"FALSE"
"1063231297048626";"FALSE"
"1063258277045928";"FALSE"
"1056996641005425";"FALSE"
"1056909444347478";"FALSE"
"1056497994388623";"FALSE"
"1056908141014275";"FALSE"
"1057125190992570";"FALSE"
"1056489117722844";"FALSE"
"1057174974320925";"FALSE"
"1057451810959908";"FALSE"
"1056919414346481";"FALSE"
"1057096734328749";"FALSE"
"1057229310982158";"FALSE"
"1056949434343479";"FALSE"
"1056579251047164";"FALSE"
"1056507891054300";"FALSE"
"1056690291036060";"FALSE"
"1056935297678226";"FALSE"
"1063234850381604";"FALSE"
"1063230810382008";"FALSE"
"1063233060381783";"FALSE"
"1057161530988936";"FALSE"
"1057873087584447";"FALSE"
"1063238403714582";"FALSE"
"1057036421001447";"FALSE"
"1057785180926571";"FALSE"
"1057402840964805";"FALSE"
"1063242630380826";"FALSE"
"1056782337693522";"FALSE"
"1056911977680558";"TRUE"
"1056519914386431";"FALSE"
"1057007434337679";"FALSE"
"1056922891012800";"FALSE"
"1057410150964074";"FALSE"
"1057207314317691";"FALSE"
"1057751464263276";"FALSE"
"1063234640381625";"FALSE"
"1056926564345766";"FALSE"
"1057127680992321";"FALSE"
"1057129807658775";"FALSE"
"1057349440970145";"FALSE"
"1056495721055517";"FALSE"
"1063259763712446";"FALSE"
"1063229963715426";"TRUE"
"1056803697691386";"FALSE"
"1056993477672408";"FALSE"
"1056925181012571";"FALSE"
"1056506021054487";"FALSE"
"1063233423715080";"FALSE"
"1057984857573270";"FALSE"
"1063231457048610";"FALSE"
"1056682034370219";"FALSE"
"1056881201016969";"FALSE"
"1057041454334277";"FALSE"
"1056525494385873";"FALSE"
"1056567974381625";"FALSE"
"1056996597672096";"FALSE"
"1057031367668619";"FALSE"
"1056495511055538";"FALSE"
"1056542611050828";"FALSE"
"1056514284386994";"FALSE"
"1056932044345218";"FALSE"
"1057023347669421";"FALSE"
"1056498551055234";"FALSE"
"1056928041012285";"FALSE"
"1056715331033556";"FALSE"
"1063251137046642";"FALSE"
"1056942834344139";"FALSE"
"1056904284347994";"FALSE"
"1056498064388616";"FALSE"
"1057686660936423";"FALSE"
"1056678157703940";"TRUE"
"1057009297670826";"FALSE"
"1063236843714738";"TRUE"
"1056908401014249";"FALSE"
"1056910027680753";"FALSE"
"1056579374380485";"FALSE"
"1056947984343624";"FALSE"
"1057058567665899";"FALSE"
"1057157087656047";"TRUE"
"1056951544343268";"FALSE"
"1057032597668496";"FALSE"
"1056926674345755";"FALSE"
"1063231437048612";"FALSE"
"1056971114341311";"FALSE"
"1056938671011222";"FALSE"
"1056948827676873";"FALSE"
"1063257030379386";"FALSE"
"1056918204346602";"FALSE"
"1057126224325800";"FALSE"
"1057454320959657";"FALSE"
"1056591371045952";"FALSE"
"1056932061011883";"FALSE"
"1056719151033174";"FALSE"
"1056571331047956";"FALSE"
"1063228383715584";"FALSE"
"1056992591005830";"FALSE"
"1063230143715408";"TRUE"
"1056925137679242";"FALSE"
"1056982884340134";"FALSE"
"1056483774390045";"FALSE"
"1056748071030282";"FALSE"
"1057075300997559";"FALSE"
"1063230390382050";"FALSE"
"1056566701048419";"FALSE"
"1056907724347650";"FALSE"
"1058128164225606";"FALSE"
"1056920471013042";"FALSE"
"1063233717048384";"FALSE"
"1056570407714715";"FALSE"
"1057451710959918";"TRUE"
"1056926087679147";"FALSE"
"1057036724334750";"FALSE"
"1057207600984329";"FALSE"
"1057641414274281";"FALSE"
"1057356327636123";"FALSE"
"1056926337679122";"FALSE"
"1056909707680785";"FALSE"
"1056949364343486";"FALSE"
"1056747427697013";"FALSE"
"1057038291001260";"FALSE"
"1063255133712909";"FALSE"
"1056910447680711";"FALSE"
"1063239270381162";"FALSE"
"982666501771773";"FALSE"
"982639201774503";"FALSE"
"982666485105108";"FALSE"
"982649811773442";"FALSE"
"982644025107354";"FALSE"
"982667181771705";"FALSE"
"982657888439301";"FALSE"
"982639348441155";"FALSE"
"982664388438651";"FALSE"
"982650225106734";"FALSE"
"982662895105467";"FALSE"
"982652238439866";"FALSE"
"982662171772206";"FALSE"
"982655201772903";"FALSE"
"982667951771628";"FALSE"
"982645611773862";"FALSE"
"982643805107376";"FALSE"
"982650015106755";"TRUE"
"982649441773479";"FALSE"
"982644841773939";"TRUE"
"982670511771372";"TRUE"
"982665751771848";"FALSE"
"982653711773052";"FALSE"
"982662371772186";"TRUE"
"982642145107542";"TRUE"
"982664005105356";"FALSE"
"982669331771490";"TRUE"
"982671401771283";"FALSE"
"982640741774349";"FALSE"
"982667278438362";"FALSE"
"982647168440373";"FALSE"
"982644851773938";"FALSE"
"982671105104646";"FALSE"
"982652468439843";"FALSE"
"982673075104449";"TRUE"
"982655191772904";"FALSE"
"982669581771465";"FALSE"
"982666051771818";"TRUE"
"982674021771021";"FALSE"
"982649408440149";"FALSE"
"982645738440516";"FALSE"
"982661965105560";"FALSE"
"982660488439041";"TRUE"
"982638885107868";"FALSE"
"982642945107462";"FALSE"
"982666245105132";"FALSE"
"982660498439040";"TRUE"
"982653415106415";"FALSE"
"982671251771298";"FALSE"
"982644185107338";"FALSE"
"982662528438837";"FALSE"
"982672845104472";"FALSE"
"982640725107684";"TRUE"
"982664865105270";"TRUE"
"982649521773471";"FALSE"
"982643978440692";"FALSE"
"982675251770898";"FALSE"
"982674885104268";"FALSE"
"982667301771693";"FALSE"
"982639991774424";"FALSE"
"982643878440702";"FALSE"
"982665818438508";"FALSE"
"982672035104553";"FALSE"
"982667091771714";"FALSE"
"982644278440662";"FALSE"
"982654005106356";"FALSE"
"982648965106860";"FALSE"
"982668855104871";"FALSE"
"982639001774523";"FALSE"
"982654855106271";"FALSE"
"982651755106581";"FALSE"
"982643855107371";"FALSE"
"982651265106630";"TRUE"
"982649445106812";"FALSE"
"982658695105887";"FALSE"
"982643841774039";"FALSE"
"982642351774188";"TRUE"
"982644355107321";"FALSE"
"982645125107244";"FALSE"
"982641701774253";"TRUE"
"982660835105673";"FALSE"
"982674591770964";"FALSE"
"982648271773596";"FALSE"
"982639978441092";"FALSE"
"982668795104877";"TRUE"
"982672735104483";"FALSE"
"982649125106844";"TRUE"
"982663405105416";"TRUE"
"982667678438322";"FALSE"
"982652578439832";"FALSE"
"982654975106259";"FALSE"
"982648275106929";"TRUE"
"982652295106527";"FALSE"
"982647351773688";"FALSE"
"982648591773564";"FALSE"
"982644395107317";"TRUE"
"982644535107303";"FALSE"
"982673178437772";"FALSE"
"982639745107782";"FALSE"
"982642301774193";"FALSE"
"982675118437578";"FALSE"
"982667411771682";"FALSE"
"982639265107830";"FALSE"
"982646008440489";"FALSE"
"982668785104878";"FALSE"
"982675891770834";"FALSE"
"982645065107250";"FALSE"
"982655331772890";"FALSE"
"982664345105322";"FALSE"
"982658631772560";"FALSE"
"982653845106372";"FALSE"
"982639791774444";"FALSE"
"982647575106999";"FALSE"
"982669785104778";"FALSE"
"982662615105495";"FALSE"
"982665838438506";"FALSE"
"982649335106823";"FALSE"
"982650545106702";"FALSE"
"982664691771954";"FALSE"
"982646015107155";"FALSE"
"982671295104627";"FALSE"
"982643231774100";"FALSE"
"982649958440094";"FALSE"
"977691922269231";"FALSE"
"982639981774425";"FALSE"
"977251055646651";"FALSE"
"982652298439860";"TRUE"
"982672098437880";"FALSE"
"982647435107013";"FALSE"
"982673251771098";"FALSE"
"1035179653187124";"FALSE"
"1035101416528281";"FALSE"
"1035259489845807";"FALSE"
"1035127713192318";"FALSE"
"1035099713195118";"FALSE"
"1035158536522569";"FALSE"
"1037724976265925";"FALSE"
"1035355973169492";"FALSE"
"1035104269861329";"FALSE"
"1035153376523085";"FALSE"
"1035403199831436";"TRUE"
"1035677543137335";"FALSE"
"1035119463193143";"FALSE"
"1035102529861503";"FALSE"
"1035164156522007";"FALSE"
"1035133213191768";"FALSE"
"1035621066476316";"FALSE"
"1035112926527130";"FALSE"
"1038620636176359";"FALSE"
"1035124473192642";"FALSE"
"1043597322345357";"FALSE"
"1038653172839772";"FALSE"
"1035112406527182";"FALSE"
"1035131606525262";"FALSE"
"1043599935678429";"FALSE"
"1035146143190475";"FALSE"
"1035179059853850";"FALSE"
"1035159103189179";"FALSE"
"1035128513192238";"FALSE"
"1043595395678883";"TRUE"
"1035118629859893";"FALSE"
"1035122989859457";"FALSE"
"1038646976173725";"FALSE"
"1038675712837518";"FALSE"
"1035442296494193";"FALSE"
"1035128789858877";"FALSE"
"1035123543192735";"FALSE"
"1038646179507138";"FALSE"
"1035191186519304";"FALSE"
"1035130389858717";"FALSE"
"1035111436527279";"FALSE"
"1043600165678406";"FALSE"
"1035129403192149";"FALSE"
"1035816276456795";"FALSE"
"1038624566175966";"TRUE"
"1035343533170736";"FALSE"
"1036313473073742";"FALSE"
"1035391983165891";"FALSE"
"1035117329860023";"FALSE"
"1035111649860591";"FALSE"
"1038678202837269";"FALSE"
"1038674832837606";"FALSE"
"1035347536503669";"FALSE"
"1035118613193228";"FALSE"
"1036216296416793";"FALSE"
"1035503666488056";"FALSE"
"1035569186481504";"FALSE"
"1035469186491504";"FALSE"
"1035101806528242";"FALSE"
"1038679302837159";"FALSE"
"1035104626527960";"FALSE"
"1035119026526520";"FALSE"
"1038628039508952";"FALSE"
"1035100273195062";"FALSE"
"1035110299860726";"FALSE"
"1035552016483221";"FALSE"
"1035386116499811";"FALSE"
"1035354106503012";"FALSE"
"1035639266474496";"FALSE"
"1035197319852024";"FALSE"
"1035439783161111";"FALSE"
"1035121889859567";"FALSE"
"1035123016526121";"FALSE"
"1035131443191945";"FALSE"
"1038779089493847";"FALSE"
"1035165236521899";"FALSE"
"1035110449860711";"FALSE"
"1035196396518783";"FALSE"
"1035161923188897";"FALSE"
"1035160156522407";"FALSE"
"1035110559860700";"FALSE"
"1035145579857198";"FALSE"
"1035142519857504";"FALSE"
"1038772106161212";"FALSE"
"1035138239857932";"FALSE"
"1035641363140953";"FALSE"
"1035709866467436";"FALSE"
"1038673579504398";"FALSE"
"1035143923190697";"FALSE"
"1035407699830986";"FALSE"
"1035105669861189";"FALSE"
"1035566803148409";"FALSE"
"1035099606528462";"FALSE"
"1035392626499160";"FALSE"
"1038675042837585";"FALSE"
"1035121743192915";"FALSE"
"1035722746466148";"FALSE"
"1035188559852900";"FALSE"
"1035132779858478";"FALSE"
"1036870973017992";"FALSE"
"1035102659861490";"FALSE"
"1035385173166572";"FALSE"
"1038767862828303";"FALSE"
"1038619299509826";"FALSE"
"1038805842824505";"FALSE"
"1035101293194960";"FALSE"
"1039732869398469";"FALSE"
"1036872459684510";"FALSE"
"1035191833185906";"FALSE"
"1035395799832176";"FALSE"
"1038715902833499";"FALSE"
"1038769592828130";"FALSE"
"1038641149507641";"FALSE"
"1043588025679620";"FALSE"
"1035113899860366";"FALSE"
"1043591192345970";"FALSE"
"1035405009831255";"FALSE"
"1035617159810040";"FALSE"
"1035107593194330";"FALSE"
"1035477253157364";"FALSE"
"1035099153195174";"FALSE"
"1035117356526687";"FALSE"
"1038622526176170";"TRUE"
"1035113529860403";"FALSE"
"1035354283169661";"FALSE"
"1035477629823993";"FALSE"
"1035377139834042";"FALSE"
"1035105236527899";"FALSE"
"1035133099858446";"FALSE"
"1035143016524121";"FALSE"
"1035102176528205";"FALSE"
"1035171229854633";"FALSE"
"985458734825883";"FALSE"
"985692834802473";"FALSE"
"989176124454144";"FALSE"
"983004601737963";"TRUE"
"991238904247866";"FALSE"
"985355784836178";"FALSE"
"991241244247632";"FALSE"
"982966001741823";"FALSE"
"991236564248100";"FALSE"
"982991328405957";"FALSE"
"985456511492772";"FALSE"
"985357981502625";"FALSE"
"985368888168201";"FALSE"
"985461114825645";"FALSE"
"985413138163776";"FALSE"
"989214634450293";"FALSE"
"985354668169623";"FALSE"
"991237427581347";"FALSE"
"989217571116666";"FALSE"
"985373891501034";"FALSE"
"985352081503215";"FALSE"
"982994448405645";"FALSE"
"983186481719775";"FALSE"
"989201894451567";"FALSE"
"991237677581322";"FALSE"
"985372974834459";"FALSE"
"989174717787618";"FALSE"
"985380228167067";"FALSE"
"983153388389751";"TRUE"
"989229874448769";"FALSE"
"991237490914674";"FALSE"
"989291844442572";"FALSE"
"985394224832334";"FALSE"
"985369244834832";"FALSE"
"989211717783918";"FALSE"
"985458228159267";"FALSE"
"989175364454220";"FALSE"
"991236934248063";"FALSE"
"983305901707833";"FALSE"
"991240627581027";"FALSE"
"985381621500261";"FALSE"
"984693704902386";"FALSE"
"983254221713001";"FALSE"
"990662384305518";"FALSE"
"985368494834907";"FALSE"
"989183681120055";"FALSE"
"989181951120228";"FALSE"
"985441104827646";"FALSE"
"985772704794486";"FALSE"
"985378574833899";"FALSE"
"985375318167558";"FALSE"
"985389834832773";"FALSE"
"991241377580952";"FALSE"
"985439078161182";"FALSE"
"984755944896162";"FALSE"
"991240750914348";"FALSE"
"991239147581175";"FALSE"
"985356628169427";"FALSE"
"985473684824388";"FALSE"
"985365761501847";"FALSE"
"989251227779967";"FALSE"
"985380091500414";"FALSE"
"991237317581358";"FALSE"
"985358221502601";"FALSE"
"985408628164227";"FALSE"
"985464434825313";"FALSE"
"983212931717130";"FALSE"
"989187501119673";"FALSE"
"991239930914430";"FALSE"
"985413288163761";"FALSE"
"985520511486372";"FALSE"
"985352424836514";"FALSE"
"991240877581002";"FALSE"
"985378154833941";"FALSE"
"989187127786377";"FALSE"
"983016018403488";"FALSE"
"985473831491040";"FALSE"
"982978891740534";"TRUE"
"991240494247707";"FALSE"
"985368694834887";"FALSE"
"985355761502847";"FALSE"
"985475088157581";"FALSE"
"982943335077423";"TRUE"
"989238677781222";"FALSE"
"983007638404326";"FALSE"
"991240247581065";"FALSE"
"985356894836067";"FALSE"
"985364598168630";"FALSE"
"989304257774664";"FALSE"
"985352978169792";"FALSE"
"985353481503075";"FALSE"
"989379844433772";"FALSE"
"985489028156187";"FALSE"
"990962197608870";"FALSE"
"985365344835222";"FALSE"
"985474234824333";"FALSE"
"989326747772415";"FALSE"
"991241197580970";"FALSE"
"985462478158842";"FALSE"
"984757778229312";"FALSE"
"985366404835116";"FALSE"
"990962847608805";"FALSE"
"991235524248204";"FALSE"
"985395988165491";"FALSE"
"991239797581110";"FALSE"
"983625078342582";"TRUE"
"985415374830219";"FALSE"
"985358581502565";"FALSE"
"985378524833904";"FALSE"
"989188284452928";"FALSE"
"985352631503160";"FALSE"
"991236570914766";"FALSE"
"991236617581428";"TRUE"
"985368981501525";"FALSE"
"984694821568941";"FALSE"
"989304731107950";"FALSE"
"989209647784125";"FALSE"
"989184931119930";"FALSE"
"985451468159943";"FALSE"
"983212171717206";"FALSE"
"985375351500888";"FALSE"
"989395234432233";"FALSE"
"985409611497462";"FALSE"
"991236787581411";"FALSE"
"991238614247895";"FALSE"
"985375288167561";"FALSE"
"989285527776537";"FALSE"
"985354014836355";"FALSE"
"991237897581300";"FALSE"
"991241664247590";"FALSE"
"985417174830039";"FALSE"
"985728424798914";"FALSE"
"985367998168290";"FALSE"
"985414948163595";"FALSE"
"985401894831567";"FALSE"
"985353261503097";"FALSE"
"983059525065804";"FALSE"
"982964968408593";"FALSE"
"989193974452359";"FALSE"
"985353724836384";"FALSE"
"982965621741861";"FALSE"
"989176377787452";"FALSE"
"989259797779110";"FALSE"
"985355684836188";"FALSE"
"985376984834058";"FALSE"
"989180167787073";"FALSE"
"991236887581401";"FALSE"
"985356501502773";"FALSE"
"989203681118055";"FALSE"
"985479338157156";"FALSE"
"989380341100389";"FALSE"
"985382868166803";"FALSE"
"991239577581132";"FALSE"
"989183897786700";"FALSE"
"985403768164713";"FALSE"
"983237365048020";"FALSE"
"985413578163732";"FALSE"
"989252437779846";"FALSE"
"985718668133223";"FALSE"
"982978681740555";"FALSE"
"985355704836186";"FALSE"
"1105433989495023";"FALSE"
"1105454659492956";"FALSE"
"1105726522799103";"FALSE"
"1096336337071455";"FALSE"
"1096655267039562";"FALSE"
"1096387847066304";"TRUE"
"1096097480428674";"TRUE"
"1096068800431542";"FALSE"
"1105441756160913";"FALSE"
"1096095820428840";"TRUE"
"1105759566129132";"FALSE"
"1096635320374890";"TRUE"
"1096170417088047";"TRUE"
"1105426452829110";"FALSE"
"1105402236164865";"FALSE"
"1105422349496187";"FALSE"
"1096067363765019";"TRUE"
"1105451149493307";"FALSE"
"1096148680423554";"FALSE"
"1105841699454252";"FALSE"
"1096298027075286";"FALSE"
"1105522552819500";"FALSE"
"1105401316164957";"FALSE"
"1105522806152808";"FALSE"
"1096083373763418";"FALSE"
"1105425099495912";"FALSE"
"1105493532822402";"FALSE"
"1105738806131208";"FALSE"
"1105564186148670";"TRUE"
"1105411336163955";"FALSE"
"1105424896162599";"TRUE"
"1105430359495386";"FALSE"
"1105406386164450";"FALSE"
"1096514950386927";"TRUE"
"1096066160431806";"FALSE"
"1105743759464046";"FALSE"
"1105779249460497";"FALSE"
"1105629622808793";"FALSE"
"1105423309496091";"FALSE"
"1096065740431848";"FALSE"
"1105521326152956";"FALSE"
"1105707992800956";"FALSE"
"1105841182787637";"FALSE"
"1096990320339390";"FALSE"
"1105505832821172";"TRUE"
"1105402206164868";"FALSE"
"1105412576163831";"FALSE"
"1105402639498158";"FALSE"
"1097069930331429";"FALSE"
"1097199996985089";"FALSE"
"1096097363762019";"FALSE"
"1105454782826277";"FALSE"
"1096099627095126";"TRUE"
"1096250697080019";"TRUE"
"1106254509412971";"FALSE"
"1105436602828095";"FALSE"
"1105855806119508";"FALSE"
"1106210899417332";"TRUE"
"1105460549492367";"FALSE"
"1105682109470211";"FALSE"
"1096082237096865";"FALSE"
"1096682250370197";"TRUE"
"1105693019469120";"TRUE"
"1105411846163904";"FALSE"
"1105971512774604";"TRUE"
"1105438812827874";"FALSE"
"1105454239492998";"FALSE"
"1105407006164388";"FALSE"
"1096081857096903";"TRUE"
"1105409149497507";"FALSE"
"1096665413705214";"FALSE"
"1105646136140475";"FALSE"
"1096077093764046";"FALSE"
"1096372740401148";"FALSE"
"1105844402787315";"FALSE"
"1105409356164153";"FALSE"
"1105455086159580";"FALSE"
"1105444939493928";"FALSE"
"1105808606124228";"FALSE"
"1105800642791691";"FALSE"
"1096354510402971";"FALSE"
"1105692122802543";"TRUE"
"1096293547075734";"FALSE"
"1105399309498491";"FALSE"
"1105403246164764";"FALSE"
"1096522423719513";"FALSE"
"1105402342831521";"FALSE"
"1105646689473753";"FALSE"
"1106064222765333";"FALSE"
"1096692733702482";"TRUE"
"1096459417059147";"FALSE"
"1105902089448213";"FALSE"
"1105400232831732";"FALSE"
"1096379537067135";"FALSE"
"1096354433736312";"TRUE"
"1096428357062253";"FALSE"
"1106423646062724";"FALSE"
"1105735146131574";"FALSE"
"1096058983765857";"FALSE"
"1096372573734498";"TRUE"
"1105417769496645";"FALSE"
"1105417876163301";"FALSE"
"1105461246158964";"FALSE"
"1096074887097600";"FALSE"
"1105410662830689";"FALSE"
"1106438562727899";"FALSE"
"1096297810408641";"FALSE"
"1096299153741840";"FALSE"
"1105776209460801";"FALSE"
"1096724210366001";"FALSE"
"1096993540339068";"FALSE"
"1105708132800942";"FALSE"
"1105472796157809";"FALSE"
"1105439416161147";"FALSE"
"1096627693708986";"FALSE"
"1096087597096329";"FALSE"
"1106338132737942";"FALSE"
"1105449739493448";"TRUE"
"1097287820309640";"TRUE"
"1105668396138249";"FALSE"
"1105418072829948";"FALSE"
"1105460332825722";"FALSE"
"1105407542831001";"FALSE"
"1105398716165217";"FALSE"
"1105412549497167";"FALSE"
"1096100587095030";"TRUE"
"1105412966163792";"FALSE"
"1096075280430894";"TRUE"
"1106015709436851";"TRUE"
"1096374510400971";"FALSE"
"1096091423762613";"TRUE"
"1105877952783960";"TRUE"
"1096383437066745";"TRUE"
"1105649686140120";"FALSE"
"1096358583735897";"TRUE"
"1105439159494506";"FALSE"
"1105441722827583";"FALSE"
"1096125467092542";"FALSE"
"877002325671525";"FALSE"
"876316805740077";"FALSE"
"876384262399998";"FALSE"
"876627109042380";"FALSE"
"876650255706732";"FALSE"
"876297195742038";"FALSE"
"876303152408109";"FALSE"
"876309055740852";"FALSE"
"876283835743374";"FALSE"
"876440385727719";"FALSE"
"876287719076319";"FALSE"
"876290935742664";"FALSE"
"876549979050093";"FALSE"
"876588485712909";"FALSE"
"876321472406277";"FALSE"
"876286442409780";"FALSE"
"876405012397923";"FALSE"
"876389492399475";"FALSE"
"876852719019819";"FALSE"
"876340639071027";"FALSE"
"876301552408269";"FALSE"
"876547592383665";"FALSE"
"876402632398161";"FALSE"
"876289565742801";"FALSE"
"876279059077185";"FALSE"
"876329809072110";"FALSE"
"876403509064740";"FALSE"
"876345115737246";"FALSE"
"876333652405059";"FALSE"
"876299609075130";"FALSE"
"876357815735976";"FALSE"
"876331349071956";"FALSE"
"876323119072779";"FALSE"
"876408682397556";"FALSE"
"876314642406960";"FALSE"
"876649112373513";"FALSE"
"876793499025741";"FALSE"
"877024225669335";"FALSE"
"876590475712710";"FALSE"
"876652385706519";"FALSE"
"876385369066554";"FALSE"
"876356595736098";"FALSE"
"876320855739672";"FALSE"
"876357605735997";"FALSE"
"877044789000612";"FALSE"
"876291772409247";"FALSE"
"876324075739350";"FALSE"
"876269025744855";"FALSE"
"876578855713872";"FALSE"
"876288962409528";"FALSE"
"876331895738568";"FALSE"
"876463352392089";"FALSE"
"876833045688453";"FALSE"
"876312845740473";"FALSE"
"876387142399710";"FALSE"
"876542995717458";"FALSE"
"876578565713901";"FALSE"
"876610722377352";"FALSE"
"876331435738614";"FALSE"
"876315069073584";"FALSE"
"876349595736798";"FALSE"
"876412982397126";"FALSE"
"876456319059459";"FALSE"
"876852539019837";"FALSE"
"876468605724897";"FALSE"
"876421619062929";"FALSE"
"876303342408090";"FALSE"
"876280595743698";"FALSE"
"876298439075247";"FALSE"
"876307975740960";"FALSE"
"876360242402400";"FALSE"
"876528579052233";"FALSE"
"876292022409222";"FALSE"
"876293339075757";"FALSE"
"876580529047038";"FALSE"
"876922842346140";"FALSE"
"876427572395667";"FALSE"
"876361132402311";"FALSE"
"876297665741991";"FALSE"
"876536235718134";"FALSE"
"876440372394387";"FALSE"
"876348535736904";"FALSE"
"876307645740993";"FALSE"
"876281072410317";"FALSE"
"876382165733541";"FALSE"
"876349682403456";"FALSE"
"876406205731137";"FALSE"
"876538005717957";"FALSE"
"876363719068719";"FALSE"
"876602582378166";"FALSE"
"876399749065116";"FALSE"
"877270148978076";"FALSE"
"876289925742765";"FALSE"
"876629992375425";"FALSE"
"876588289046262";"FALSE"
"876433029061788";"FALSE"
"876442315727526";"FALSE"
"876283329076758";"FALSE"
"876299969075094";"FALSE"
"876304525741305";"FALSE"
"877057742332650";"FALSE"
"876570995714658";"FALSE"
"876279585743799";"FALSE"
"876642089040882";"FALSE"
"876317142406710";"FALSE"
"876302199074871";"FALSE"
"876541075717650";"TRUE"
"876524945719263";"FALSE"
"876287822409642";"FALSE"
"876318635739894";"FALSE"
"876387129066378";"FALSE"
"876425399062551";"FALSE"
"876360342402390";"FALSE"
"876964879008603";"FALSE"
"876360049069086";"FALSE"
"876524099052681";"FALSE"
"876405609064530";"FALSE"
"876565145715243";"FALSE"
"876370129068078";"FALSE"
"876636645708093";"FALSE"
"876330595738698";"FALSE"
"876536992384725";"FALSE"
"876284279076663";"FALSE"
"876524509052640";"FALSE"
"876566909048400";"FALSE"
"876837029021388";"TRUE"
"876574479047643";"FALSE"
"876328149072276";"FALSE"
"876449039060187";"FALSE"
"876297292408695";"FALSE"
"876329625738795";"FALSE"
"876580182380406";"FALSE"
"876442712394153";"FALSE"
"876892919015799";"FALSE"
"876307282407696";"FALSE"
"876402012398223";"FALSE"
"877128872325537";"FALSE"
"876290212409403";"FALSE"
"876935392344885";"FALSE"
"876281679076923";"FALSE"
"876851009019990";"FALSE"
"876278729077218";"FALSE"
"1012243262147430";"FALSE"
"1010252849013138";"FALSE"
"1012232878815135";"FALSE"
"1012249922146764";"FALSE"
"1010294332342323";"FALSE"
"1012240535481036";"FALSE"
"1011179118920511";"FALSE"
"1011300458908377";"FALSE"
"1012238215481268";"FALSE"
"1012237782147978";"FALSE"
"1011497715555318";"FALSE"
"1011305395574550";"FALSE"
"1012233902148366";"FALSE"
"1011320165573073";"FALSE"
"1012236338814789";"FALSE"
"1012248908813532";"FALSE"
"1011315652240191";"FALSE"
"1010738845631205";"TRUE"
"1010254625679627";"FALSE"
"1012233728815050";"FALSE"
"1012028732168883";"FALSE"
"1011307805574309";"FALSE"
"1012249965480093";"FALSE"
"1010184409019982";"FALSE"
"1010222242349532";"FALSE"
"1010186439019779";"FALSE"
"1011304792241277";"FALSE"
"1012234705481619";"FALSE"
"1010767098961713";"TRUE"
"1010188025686287";"FALSE"
"1010212449017178";"FALSE"
"1010320872339669";"TRUE"
"1010444795660610";"FALSE"
"1012240715481018";"FALSE"
"1010699645635125";"FALSE"
"1010191362352620";"FALSE"
"1011284445576645";"FALSE"
"1010703275634762";"FALSE"
"1011318428906580";"FALSE"
"1012254788812944";"FALSE"
"1011182338920189";"FALSE"
"1012244405480649";"FALSE"
"1010703078968115";"FALSE"
"1011353272236429";"FALSE"
"1010862035618886";"FALSE"
"1010761102295646";"FALSE"
"1010732798965143";"FALSE"
"1010340672337689";"TRUE"
"1011309012240855";"FALSE"
"1011480085557081";"FALSE"
"1010191009019322";"FALSE"
"1012253808813042";"FALSE"
"1010309429007480";"FALSE"
"1011266812245075";"FALSE"
"1010323332339423";"FALSE"
"1011167595588330";"FALSE"
"1010697795635310";"TRUE"
"1010228392348917";"FALSE"
"1010362219002201";"FALSE"
"1010186749019748";"FALSE"
"1010825948955828";"FALSE"
"1010185992353157";"TRUE"
"1012238945481195";"FALSE"
"1010197572351999";"FALSE"
"1011030008935422";"FALSE"
"1012249678813455";"FALSE"
"1010201119018311";"FALSE"
"1012238422147914";"FALSE"
"1012249768813446";"FALSE"
"1012233025481787";"FALSE"
"1012248532146903";"FALSE"
"1010221522349604";"FALSE"
"1010353455669744";"FALSE"
"1012235615481528";"FALSE"
"1012241645480925";"FALSE"
"1010695222302234";"FALSE"
"1011249832246773";"TRUE"
"1010398525665237";"FALSE"
"1011288538909569";"FALSE"
"1010812282290528";"FALSE"
"1010232155681874";"FALSE"
"1012253322146424";"FALSE"
"1010194342352322";"FALSE"
"1010336555671434";"TRUE"
"1012242032147553";"FALSE"
"1010206505684439";"FALSE"
"1011084248929998";"FALSE"
"1012244952147261";"FALSE"
"1010822088956214";"FALSE"
"1012252115479878";"FALSE"
"1011337092238047";"FALSE"
"1011250485580041";"FALSE"
"1012249962146760";"FALSE"
"1011196072252149";"FALSE"
"1010700218968401";"FALSE"
"1012263098812113";"FALSE"
"1010743502297406";"FALSE"
"1010197459018677";"FALSE"
"1011264168912006";"FALSE"
"1011593608879062";"FALSE"
"1012241775480912";"FALSE"
"1012248165480273";"FALSE"
"1012244708813952";"FALSE"
"1010246582347098";"FALSE"
"1012241798814243";"FALSE"
"1012233232148433";"FALSE"
"1010223152349441";"FALSE"
"1010187712352985";"FALSE"
"1010204679017955";"FALSE"
"1012259788812444";"FALSE"
"1012236578814765";"FALSE"
"1012235625481527";"FALSE"
"1010734868964936";"FALSE"
"1010194965685593";"FALSE"
"1010217752349981";"FALSE"
"1011213355583754";"FALSE"
"1010276485677441";"FALSE"
"1012236515481438";"FALSE"
"1010299722341784";"FALSE"
"1010696498968773";"FALSE"
"1010202732351483";"FALSE"
"1011273445577745";"FALSE"
"1011492542222502";"FALSE"
"1010297495675340";"FALSE"
"1010192659019157";"TRUE"
"1011485045556585";"FALSE"
"1011316145573475";"FALSE"
"1010284569009966";"FALSE"
"1011259825579107";"FALSE"
"1012262455478844";"FALSE"
"1010699548968468";"FALSE"
"1012240645481025";"FALSE"
"1010238909014532";"FALSE"
"1010361852335571";"FALSE"
"1010299115675178";"FALSE"
"1010192939019129";"TRUE"
"1010862992285457";"FALSE"
"1010219252349831";"FALSE"
"1010204045684685";"FALSE"
"1012232535481836";"FALSE"
"1010195685685521";"FALSE"
"1010272865677803";"FALSE"
"1010210285684061";"FALSE"
"1012236425481447";"FALSE"
"1010710848967338";"FALSE"
"1010211629017260";"FALSE"
"1011197125585377";"FALSE"
"1012236038814819";"FALSE"
"1011263175578772";"FALSE"
"1011479138890509";"FALSE"
"1010310999007323";"FALSE"
"1011279665577123";"TRUE"
"1010234149015008";"FALSE"
"1012236388814784";"FALSE"
"1011288732242883";"FALSE"
"1010634072308349";"TRUE"
"1010360862335670";"TRUE"
"1012242285480861";"FALSE"
"1012241372147619";"FALSE"
"1010187715686318";"FALSE"
"1012242142147542";"FALSE"
"1010267179011705";"FALSE"
"1011281775576912";"FALSE"
"1010337799004643";"FALSE"
"1012240935480996";"FALSE"
"1012254092146347";"FALSE"
"855048737866884";"FALSE"
"855052254533199";"FALSE"
"855000241205067";"FALSE"
"854999327871825";"FALSE"
"855010534537371";"FALSE"
"855007437871014";"FALSE"
"854998187871939";"FALSE"
"855009347870823";"FALSE"
"855027201202371";"FALSE"
"854997314538693";"FALSE"
"855015591203532";"FALSE"
"855018911203200";"FALSE"
"854995991205492";"FALSE"
"855020807869677";"FALSE"
"855041704534254";"FALSE"
"855026341202457";"FALSE"
"855010551204036";"FALSE"
"855023424536082";"FALSE"
"855000551205036";"FALSE"
"855013267870431";"FALSE"
"855018731203218";"FALSE"
"855032157868542";"FALSE"
"855049751200116";"TRUE"
"854999991205092";"FALSE"
"854999764538448";"FALSE"
"855045421200549";"FALSE"
"855020794536345";"FALSE"
"855027861202305";"FALSE"
"855025821202509";"FALSE"
"855055887866169";"FALSE"
"855041871200904";"FALSE"
"855026191202472";"FALSE"
"855035614534863";"FALSE"
"855051751199916";"FALSE"
"855010731204018";"FALSE"
"855000717871686";"FALSE"
"855000827871675";"FALSE"
"855019914536433";"FALSE"
"855031947868563";"FALSE"
"855032821201809";"FALSE"
"855031731201918";"FALSE"
"854999921205099";"FALSE"
"855006274537797";"FALSE"
"855001341204957";"FALSE"
"855018844536540";"FALSE"
"855051957866562";"FALSE"
"855013067870451";"FALSE"
"854996974538727";"FALSE"
"855053944533030";"FALSE"
"854996757872082";"FALSE"
"855023494536075";"FALSE"
"855014914536933";"FALSE"
"855028194535605";"FALSE"
"854999561205135";"FALSE"
"855013247870433";"FALSE"
"854998364538588";"FALSE"
"855009324537492";"FALSE"
"855020814536343";"FALSE"
"855027461202345";"FALSE"
"854999701205121";"FALSE"
"855051244533300";"FALSE"
"854999581205133";"FALSE"
"855008617870896";"FALSE"
"855002491204842";"FALSE"
"855022277869530";"FALSE"
"855058854532539";"FALSE"
"855012681203823";"FALSE"
"855002134538211";"FALSE"
"855005001204591";"TRUE"
"855000107871747";"FALSE"
"855052834533141";"FALSE"
"855032567868501";"FALSE"
"855016407870117";"TRUE"
"855014204537004";"FALSE"
"855036434534781";"FALSE"
"855014281203663";"FALSE"
"855025224535902";"FALSE"
"854997324538692";"FALSE"
"854995784538846";"FALSE"
"855020994536325";"FALSE"
"855024044536020";"FALSE"
"855054211199670";"FALSE"
"855024791202612";"FALSE"
"855045784533846";"FALSE"
"855030364535388";"FALSE"
"855051097866648";"FALSE"
"855033767868381";"FALSE"
"855002114538213";"FALSE"
"854997344538690";"FALSE"
"855039801201111";"FALSE"
"854996587872099";"FALSE"
"855033967868361";"FALSE"
"855008451204246";"FALSE"
"855001781204913";"FALSE"
"855023421202749";"FALSE"
"855034974534927";"FALSE"
"855034484534976";"FALSE"
"855047357867022";"FALSE"
"855035124534912";"FALSE"
"855004591204632";"FALSE"
"855042454534179";"FALSE"
"855031407868617";"FALSE"
"855037831201308";"FALSE"
"855020961202995";"FALSE"
"855018817869876";"FALSE"
"855000191205072";"FALSE"
"855006364537788";"FALSE"
"855002777871480";"FALSE"
"855015947870163";"FALSE"
"855047741200317";"FALSE"
"855038024534622";"FALSE"
"854998147871943";"FALSE"
"855002084538216";"FALSE"
"855054597866298";"FALSE"
"855027897868968";"FALSE"
"855020127869745";"FALSE"
"855048647866893";"FALSE"
"855020964536328";"FALSE"
"855014557870302";"FALSE"
"855057064532718";"FALSE"
"855002724538152";"FALSE"
"855048264533598";"FALSE"
"855051451199946";"FALSE"
"855024251202666";"FALSE"
"855012367870521";"FALSE"
"855000587871699";"FALSE"
"855015224536902";"FALSE"
"855057911199300";"FALSE"
"855015177870240";"FALSE"
"855056464532778";"FALSE"
"855009274537497";"FALSE"
"855003024538122";"FALSE"
"855042401200851";"FALSE"
"855042221200869";"FALSE"
"855020241203067";"FALSE"
"855053091199782";"FALSE"
"855035217868236";"FALSE"
"855003237871434";"FALSE"
"855026441202447";"FALSE"
"855033634535061";"FALSE"
"854998144538610";"FALSE"
"855059154532509";"FALSE"
"855025767869181";"FALSE"
"855015187870239";"FALSE"
"855043851200706";"FALSE"
"854999187871839";"TRUE"
"855014354536989";"FALSE"
"855052794533145";"FALSE"
"882697215102036";"FALSE"
"882911971747227";"FALSE"
"882695045102253";"FALSE"
"882959075075850";"FALSE"
"882713101767114";"FALSE"
"882836661754758";"FALSE"
"882915261746898";"FALSE"
"882748891763535";"FALSE"
"882704855101272";"FALSE"
"882939735077784";"FALSE"
"882737588431332";"FALSE"
"882900848415006";"FALSE"
"882699795101778";"FALSE"
"882700265101731";"FALSE"
"882683191770105";"FALSE"
"882906381747786";"TRUE"
"883162945055463";"FALSE"
"882680681770356";"FALSE"
"882679125103845";"FALSE"
"882704485101309";"FALSE"
"882682335103524";"FALSE"
"882699218435169";"FALSE"
"882702111768213";"FALSE"
"882945028410588";"FALSE"
"882701175101640";"FALSE"
"882842821754142";"FALSE"
"882709588434132";"FALSE"
"882774025094355";"FALSE"
"877567372281687";"FALSE"
"882714155100342";"FALSE"
"883026841735740";"FALSE"
"882818535089904";"FALSE"
"882693475102410";"FALSE"
"882718228433268";"FALSE"
"882719705099787";"FALSE"
"882692258435865";"FALSE"
"882726928432398";"FALSE"
"882678068437284";"FALSE"
"882698075101950";"FALSE"
"882693195102438";"TRUE"
"882702938434797";"FALSE"
"882921091746315";"FALSE"
"882696431768781";"FALSE"
"882696775102080";"FALSE"
"882707568434334";"FALSE"
"883425301695894";"FALSE"
"883070495064708";"FALSE"
"882730781765346";"FALSE"
"882681028436988";"FALSE"
"883443958360695";"FALSE"
"882681451770279";"FALSE"
"882679251770499";"FALSE"
"882679445103813";"FALSE"
"882705485101209";"FALSE"
"882700441768380";"FALSE"
"882756521762772";"FALSE"
"882754875096270";"FALSE"
"879385778766513";"FALSE"
"882734981764926";"TRUE"
"882868315084926";"FALSE"
"882714325100325";"FALSE"
"882702841768140";"FALSE"
"882863278418763";"FALSE"
"882837335088024";"FALSE"
"882677301770694";"FALSE"
"883157075056050";"FALSE"
"882700621768362";"FALSE"
"882747628430328";"FALSE"
"882737795097978";"FALSE"
"882700788435012";"FALSE"
"882678318437259";"FALSE"
"882712438433847";"FALSE"
"882694678435623";"FALSE"
"882710495100708";"FALSE"
"882863008418790";"TRUE"
"882734951764929";"FALSE"
"882695001768924";"FALSE"
"882785291759895";"FALSE"
"882678071770617";"TRUE"
"882748161763608";"FALSE"
"882745038430587";"FALSE"
"882772295094528";"TRUE"
"882783078426783";"FALSE"
"882707788434312";"FALSE"
"882701848434906";"FALSE"
"882901225081635";"FALSE"
"882747821763642";"FALSE"
"882680621770362";"FALSE"
"882680948436996";"FALSE"
"882677795103978";"FALSE"
"882701768434914";"FALSE"
"882678781770546";"FALSE"
"882678315103926";"TRUE"
"882702251768199";"FALSE"
"882701798434911";"FALSE"
"882678221770602";"FALSE"
"882778671760557";"FALSE"
"882680691770355";"FALSE"
"882806575091100";"FALSE"
"882703658434725";"FALSE"
"882677958437295";"FALSE"
"882748951763529";"FALSE"
"882846205087137";"FALSE"
"883324065039351";"FALSE"
"882917421746682";"FALSE"
"882710065100751";"FALSE"
"882680868437004";"FALSE"
"882825281755896";"FALSE"
"882753365096421";"FALSE"
"882681485103609";"FALSE"
"882720065099751";"TRUE"
"882697368435354";"FALSE"
"882723625099395";"FALSE"
"882682188436872";"FALSE"
"882681295103628";"FALSE"
"882708281767596";"TRUE"
"882789441759480";"FALSE"
"882700855101672";"FALSE"
"882696611768763";"FALSE"
"882682325103525";"FALSE"
"882796605092097";"FALSE"
"882839478421143";"FALSE"
"882715261766898";"FALSE"
"882712655100492";"FALSE"
"882862021752222";"TRUE"
"882680778437013";"FALSE"
"882768101761614";"FALSE"
"882692828435808";"TRUE"
"882922171746207";"FALSE"
"883161471722277";"FALSE"
"882739195097838";"FALSE"
"882714301766994";"FALSE"
"882711078433983";"FALSE"
"882956635076094";"FALSE"
"882738015097956";"FALSE"
"882978515073906";"FALSE"
"882846705087087";"FALSE"
"882706415101116";"FALSE"
"1012532688785154";"FALSE"
"1018200974884992";"FALSE"
"1012580832113673";"FALSE"
"1012892192082537";"FALSE"
"1012386065466483";"FALSE"
"1012290308809392";"FALSE"
"1012885005416589";"FALSE"
"1013013355403754";"FALSE"
"1012893838749039";"FALSE"
"1012344265470663";"FALSE"
"1018198598218563";"FALSE"
"1012293448809078";"FALSE"
"1012924515412638";"FALSE"
"1012935552078201";"FALSE"
"1012935162078240";"FALSE"
"1012293738809049";"FALSE"
"1012948412076915";"FALSE"
"1012967852074971";"FALSE"
"1013007482071008";"FALSE"
"1012420632129693";"FALSE"
"1013284528709970";"FALSE"
"1012649512106805";"FALSE"
"1012579748780448";"FALSE"
"1012883272083429";"FALSE"
"1012441112127645";"FALSE"
"1018195551552201";"FALSE"
"1012484608789962";"FALSE"
"1012888152082941";"FALSE"
"1012270818811341";"FALSE"
"1013018932069863";"FALSE"
"1012318952139861";"FALSE"
"1012384202133336";"FALSE"
"1012426248795798";"FALSE"
"1012423085462781";"FALSE"
"1012893528749070";"FALSE"
"1012942818744141";"TRUE"
"1012953662076390";"FALSE"
"1013110968727326";"FALSE"
"1012948668743556";"FALSE"
"1012902338748189";"FALSE"
"1012405272131229";"FALSE"
"1012278375477252";"FALSE"
"1012451185459971";"FALSE"
"1013203705384719";"FALSE"
"1012959535409136";"FALSE"
"1013001072071649";"FALSE"
"1012428062128950";"FALSE"
"1012886555416434";"FALSE"
"1012405862131170";"FALSE"
"1012420778796345";"FALSE"
"1012953202076436";"FALSE"
"1012267868811636";"FALSE"
"1013348862036870";"FALSE"
"1012425698795853";"FALSE"
"1012385052133251";"FALSE"
"1013065785398511";"FALSE"
"1012451135459976";"FALSE"
"1012439928794430";"FALSE"
"1013049922066764";"FALSE"
"1012344252137331";"FALSE"
"1013010308737392";"FALSE"
"1012920208746402";"FALSE"
"1012901935414896";"FALSE"
"1013141452057611";"FALSE"
"1012899165415173";"FALSE"
"1012576412114115";"FALSE"
"1012285432143213";"FALSE"
"1012951658743257";"FALSE"
"1012957428742680";"FALSE"
"1018199341551822";"FALSE"
"1012934592078297";"FALSE"
"1012439365461153";"FALSE"
"1012452162126540";"FALSE"
"1012442315460858";"FALSE"
"1012958962075860";"FALSE"
"1012843638754059";"FALSE"
"1012943888744034";"FALSE"
"1012910732080683";"FALSE"
"1012343432137413";"FALSE"
"1012883278750095";"FALSE"
"1012568078781615";"FALSE"
"1013040342067722";"FALSE"
"1013088768729546";"FALSE"
"1012912115413878";"FALSE"
"1013476832024073";"FALSE"
"1012443508794072";"FALSE"
"1012900568748366";"FALSE"
"1013003382071418";"FALSE"
"1013022495402840";"FALSE"
"1012672248771198";"FALSE"
"1012292688809154";"FALSE"
"1012981025406987";"FALSE"
"1012442552127501";"FALSE"
"1012445592127197";"FALSE"
"1012917188746704";"FALSE"
"1012383548800068";"FALSE"
"1013012088737214";"FALSE"
"1012382038800219";"FALSE"
"1012618402109916";"FALSE"
"1012908685414221";"FALSE"
"1012651518773271";"FALSE"
"1012941218744301";"FALSE"
"1013191592052597";"FALSE"
"1013020818736341";"FALSE"
"1012444858793937";"FALSE"
"1013807478657675";"FALSE"
"1012654228773000";"FALSE"
"1012934782078278";"FALSE"
"1012447278793695";"FALSE"
"1012408928797530";"FALSE"
"1012384952133261";"FALSE"
"1012886802083076";"FALSE"
"1012673015437788";"TRUE"
"1012838665421223";"FALSE"
"1018198771551879";"FALSE"
"1012909962080760";"TRUE"
"1012292532142503";"FALSE"
"1012971842074572";"FALSE"
"1012912088747214";"FALSE"
"1012382908800132";"FALSE"
"1012442218794201";"FALSE"
"1012452988793124";"FALSE"
"1012883708750052";"FALSE"
"1012966642075092";"FALSE"
"1012440768794346";"FALSE"
"1012590008779422";"FALSE"
"1013008112070945";"FALSE"
"1012956875409402";"FALSE"
"1012913262080430";"FALSE"
"1012689088769514";"FALSE"
"1012274068811016";"FALSE"
"1012981158740307";"FALSE"
"1012944748743948";"FALSE"
"1012559568782466";"FALSE"
"1012879742083782";"FALSE"
"1012430108795412";"FALSE"
"1012293565475733";"FALSE"
"1012899795415110";"FALSE"
"1012551238783299";"FALSE"
"1012579825447107";"FALSE"
"1012429162128840";"FALSE"
"1012562102115546";"FALSE"
"1012281642143592";"FALSE"
"1012881868750236";"FALSE"
"1012897915415298";"FALSE"
"1012902505414839";"FALSE"
"1012903138748109";"FALSE"
"1012983678740055";"FALSE"
"1012533228785100";"FALSE"
"1018203468218076";"FALSE"
"1012909478747475";"FALSE"
"888274137877677";"FALSE"
"925544037484020";"FALSE"
"935471019824655";"TRUE"
"935254266512997";"FALSE"
"935268396511584";"FALSE"
"888008511237573";"FALSE"
"935708863134204";"FALSE"
"887992814572476";"TRUE"
"935306076507816";"FALSE"
"935263739845383";"FALSE"
"935440573161033";"FALSE"
"935262416512182";"FALSE"
"925536944151396";"FALSE"
"888133871225037";"FALSE"
"887988604572897";"TRUE"
"887994801238944";"FALSE"
"935322809839476";"FALSE"
"935254206513003";"FALSE"
"935312963173794";"FALSE"
"888277091210715";"FALSE"
"888173001221124";"FALSE"
"925404097498014";"FALSE"
"925604187478005";"FALSE"
"888066361231788";"FALSE"
"925359054169185";"FALSE"
"935281676510256";"FALSE"
"887989997906091";"FALSE"
"935267229845034";"FALSE"
"935285619843195";"TRUE"
"925440817494342";"FALSE"
"935262916512132";"FALSE"
"925429974162093";"FALSE"
"888004541237970";"FALSE"
"925540494151041";"FALSE"
"888020431236381";"FALSE"
"888673774504380";"FALSE"
"887992954572462";"FALSE"
"888254361212988";"FALSE"
"935282083176882";"FALSE"
"888322687872822";"FALSE"
"935252876513136";"FALSE"
"888151921223232";"FALSE"
"888071504564607";"FALSE"
"925421727496251";"FALSE"
"935268939844863";"FALSE"
"888268551211569";"FALSE"
"888251624546595";"FALSE"
"935314956506928";"TRUE"
"935271189844638";"TRUE"
"887989761239448";"FALSE"
"888050434566714";"FALSE"
"888002051238219";"FALSE"
"935423969829360";"FALSE"
"935255169846240";"FALSE"
"925561497482274";"FALSE"
"935642359807521";"FALSE"
"925529304152160";"FALSE"
"887990394572718";"FALSE"
"887993361239088";"FALSE"
"888085294563228";"FALSE"
"887989264572831";"FALSE"
"935328873172203";"FALSE"
"925457734159317";"FALSE"
"888000817905009";"FALSE"
"925535510818206";"FALSE"
"888000334571724";"FALSE"
"935378459833911";"FALSE"
"925460520825705";"FALSE"
"888068394564918";"FALSE"
"935310613174029";"FALSE"
"935294709842286";"FALSE"
"935256339846123";"FALSE"
"935270226511401";"TRUE"
"935258153179275";"FALSE"
"888062004565557";"FALSE"
"887996364572121";"FALSE"
"888076761230748";"FALSE"
"888354191203005";"FALSE"
"935254659846291";"FALSE"
"935471256491298";"FALSE"
"888016967903394";"FALSE"
"935273906511033";"FALSE"
"935321849839572";"FALSE"
"888067947898296";"FALSE"
"888070821231342";"FALSE"
"935291756509248";"FALSE"
"887994037905687";"FALSE"
"888149374556820";"FALSE"
"935271616511262";"FALSE"
"935285643176526";"FALSE"
"887989104572847";"FALSE"
"935260893179001";"FALSE"
"935431163161974";"FALSE"
"935348629836894";"FALSE"
"925627200809037";"FALSE"
"888036414568116";"FALSE"
"888171121221312";"FALSE"
"935266836511740";"FALSE"
"888455877859503";"FALSE"
"888001837904907";"FALSE"
"888104817894609";"FALSE"
"888106314561126";"TRUE"
"935256676512756";"FALSE"
"888077631230661";"FALSE"
"935606363144454";"FALSE"
"935403769831380";"FALSE"
"888001044571653";"FALSE"
"888149277890163";"FALSE"
"888476054524152";"FALSE"
"925544534150637";"FALSE"
"935473939824363";"FALSE"
"888099441228480";"FALSE"
"925390384166052";"FALSE"
"888033204568437";"FALSE"
"935345646503859";"FALSE"
"935263149845442";"FALSE"
"925374024167688";"FALSE"
"888186931219731";"FALSE"
"935642976474126";"FALSE"
"935278149843942";"FALSE"
"888000557905035";"FALSE"
"888078721230552";"FALSE"
"888080761230348";"FALSE"
"935424736495950";"FALSE"
"925654444139646";"FALSE"
"935336356504788";"FALSE"
"925475984157492";"FALSE"
"1096022810436141";"FALSE"
"1069240333114389";"FALSE"
"1095899583781797";"TRUE"
"1069527139752375";"FALSE"
"1095975080440914";"TRUE"
"1095899847115104";"FALSE"
"1095968640441558";"TRUE"
"1096055240432898";"FALSE"
"1096026870435735";"FALSE"
"1077839805587775";"FALSE"
"1095905710447851";"TRUE"
"1095924443779311";"FALSE"
"1078780362160386";"FALSE"
"1095983250440097";"FALSE"
"1095919993779756";"FALSE"
"1095909770447445";"FALSE"
"1095977257107363";"TRUE"
"1095902737114815";"TRUE"
"1095905927114496";"FALSE"
"1069238523114570";"FALSE"
"1096045827100506";"TRUE"
"1096011020437320";"FALSE"
"1081100025261753";"FALSE"
"1096044137100675";"FALSE"
"1092184574153298";"FALSE"
"1077839285587827";"FALSE"
"1088778541160568";"FALSE"
"1095988767106212";"TRUE"
"1095906867114402";"FALSE"
"1088415854530170";"FALSE"
"1096019327103156";"FALSE"
"1095985863773169";"FALSE"
"1095910247114064";"FALSE"
"1080840971954325";"FALSE"
"1096017813769974";"TRUE"
"1096049097100179";"TRUE"
"1078313155540440";"FALSE"
"1078280222210400";"FALSE"
"1095968090441613";"FALSE"
"1096013480437074";"FALSE"
"1088417391196683";"FALSE"
"1091859950852427";"FALSE"
"1095899450448477";"FALSE"
"1078313008873788";"FALSE"
"1069276666444089";"FALSE"
"1069232883115134";"FALSE"
"1096018510436571";"FALSE"
"1095985463773209";"FALSE"
"1095996283772127";"FALSE"
"1080346505337105";"FALSE"
"1095983107106778";"FALSE"
"1096005857104503";"FALSE"
"1096004480437974";"TRUE"
"1091914017513687";"FALSE"
"1095969510441471";"TRUE"
"1095907767114312";"TRUE"
"1095985033773252";"FALSE"
"1095988190439603";"FALSE"
"1095914867113602";"FALSE"
"1095908970447525";"TRUE"
"1094768793894876";"FALSE"
"1096001070438315";"FALSE"
"1080325702005852";"FALSE"
"1095900160448406";"FALSE"
"1095915697113519";"FALSE"
"1096026437102445";"FALSE"
"1091941757510913";"FALSE"
"1096046497100439";"TRUE"
"1096051000433322";"FALSE"
"1095983943773361";"TRUE"
"1078327128872376";"FALSE"
"1080638351974587";"FALSE"
"1092557644115991";"FALSE"
"1094613687243720";"FALSE"
"1092001644171591";"FALSE"
"1096006340437788";"FALSE"
"1095921723779583";"FALSE"
"1095984900439932";"FALSE"
"1096009337104155";"FALSE"
"1095908203780935";"FALSE"
"1095905193781236";"FALSE"
"1095996907105398";"FALSE"
"1096009237104165";"TRUE"
"1095899217115167";"TRUE"
"1096023350436087";"FALSE"
"1095919397113149";"FALSE"
"1091918320846590";"FALSE"
"1078327785538977";"FALSE"
"1095972140441208";"FALSE"
"1092670327438056";"FALSE"
"1095921107112978";"FALSE"
"1092524794119276";"FALSE"
"1091990117506077";"FALSE"
"1095911747113914";"FALSE"
"1095901703781585";"FALSE"
"1095967293775026";"FALSE"
"1096045350433887";"FALSE"
"1080725415299214";"FALSE"
"1095984907106598";"FALSE"
"1069275609777528";"FALSE"
"1095985097106579";"FALSE"
"1091911647513924";"FALSE"
"1092976644074091";"FALSE"
"1095900563781699";"FALSE"
"1095899267115162";"FALSE"
"1095981003773655";"FALSE"
"1095972260441196";"TRUE"
"1088889734482782";"FALSE"
"1069527479752341";"FALSE"
"1088473514524404";"FALSE"
"1094611203910635";"FALSE"
"1077897798915309";"FALSE"
"1077848728920216";"FALSE"
"1094832453888510";"FALSE"
"1095899500448472";"TRUE"
"1095973023774453";"TRUE"
"1088444517860637";"FALSE"
"1095972000441222";"TRUE"
"1095902433781512";"FALSE"
"1096019997103089";"TRUE"
"1095900613781694";"FALSE"
"1095902777114811";"FALSE"
"1088764911161931";"FALSE"
"1095907567114332";"TRUE"
"1096027273769028";"FALSE"
"1080435488661540";"FALSE"
"1095906920447730";"FALSE"
"1088473577857731";"FALSE"
"1095921853779570";"TRUE"
"1069280409777048";"FALSE"
"1096019733769782";"FALSE"
"1069689883069434";"FALSE"
"1092497640788658";"FALSE"
"1069232726448483";"FALSE"
"1096051250433297";"TRUE"
"1095904940447928";"FALSE"
"1091982407506848";"FALSE"
"1069253359779753";"FALSE"
"1095910023780753";"FALSE"
"1095971180441304";"FALSE"
"1095980447107044";"TRUE"
"1092497057455383";"FALSE"
"1095981667106922";"FALSE"
"961185050586585";"FALSE"
"977039569001133";"FALSE"
"961093053929118";"FALSE"
"977040045667752";"FALSE"
"960892023949221";"FALSE"
"977073408997749";"FALSE"
"960852300619860";"FALSE"
"961134750591615";"FALSE"
"951542348217522";"FALSE"
"960888890616201";"FALSE"
"966728560032234";"FALSE"
"951528138218943";"FALSE"
"951538211551269";"FALSE"
"951653728206384";"FALSE"
"946607918710965";"FALSE"
"958050127566744";"FALSE"
"966668443371579";"FALSE"
"966662386705518";"FALSE"
"960894740615616";"FALSE"
"951561961548894";"FALSE"
"951664181538672";"FALSE"
"961083440596746";"FALSE"
"946595282045562";"FALSE"
"962625767109180";"FALSE"
"960909320614158";"FALSE"
"948209741884116";"FALSE"
"977095925662164";"FALSE"
"960860317285725";"FALSE"
"977015382336885";"FALSE"
"977094928995597";"FALSE"
"951558501549240";"FALSE"
"951563451548745";"FALSE"
"961491437222613";"FALSE"
"951533884885035";"FALSE"
"957665577605199";"FALSE"
"960875697284187";"FALSE"
"951565888215168";"FALSE"
"962146567157100";"FALSE"
"962353587136398";"FALSE"
"960924337279323";"FALSE"
"960897353948688";"FALSE"
"960892060615884";"FALSE"
"977024685669288";"FALSE"
"957802124258211";"FALSE"
"962167877154969";"FALSE"
"960925480612542";"FALSE"
"957660570939033";"FALSE"
"946634062041684";"TRUE"
"960870760618014";"FALSE"
"960923793946044";"FALSE"
"946643398707417";"FALSE"
"960925570612533";"FALSE"
"951539521551138";"FALSE"
"951622638209493";"FALSE"
"960904990614591";"FALSE"
"960853083953115";"FALSE"
"951745711530519";"FALSE"
"946753225363101";"FALSE"
"962235520481538";"FALSE"
"961010683937355";"FALSE"
"960861743952249";"FALSE"
"960984853939938";"FALSE"
"977174358987654";"FALSE"
"960978307273926";"FALSE"
"957854024253021";"FALSE"
"961128703925553";"FALSE"
"960907760614314";"FALSE"
"960894893948934";"FALSE"
"961161183922305";"FALSE"
"960908547280902";"FALSE"
"960857753952648";"FALSE"
"946613142043776";"FALSE"
"951542294884194";"FALSE"
"946638805374543";"FALSE"
"951526514885772";"FALSE"
"960987813939642";"FALSE"
"960877380617352";"FALSE"
"966753233363100";"FALSE"
"966745466697210";"FALSE"
"960886800616410";"FALSE"
"957924150912675";"FALSE"
"961925653845858";"FALSE"
"977035139001576";"FALSE"
"977150488990041";"FALSE"
"951535701551520";"FALSE"
"957828560922234";"FALSE"
"951580728213684";"FALSE"
"951532891551801";"TRUE"
"946618272043263";"FALSE"
"977062995665457";"TRUE"
"951582564880167";"FALSE"
"967088306662926";"FALSE"
"967090683329355";"FALSE"
"952110251494065";"FALSE"
"966653666706390";"FALSE"
"960870417284715";"FALSE"
"960866370618453";"FALSE"
"960884717283285";"FALSE"
"962349077136849";"FALSE"
"966638440041246";"FALSE"
"961234190581671";"FALSE"
"951587988212958";"FALSE"
"946659512039139";"FALSE"
"962139500491140";"FALSE"
"946611872043903";"FALSE"
"960952977276459";"FALSE"
"960851233953300";"FALSE"
"962227707148986";"FALSE"
"964092133629210";"FALSE"
"977076302330793";"FALSE"
"962167287155028";"FALSE"
"951901774848246";"FALSE"
"967088909996199";"FALSE"
"957619584276465";"FALSE"
"946658702039220";"FALSE"
"962230430482047";"FALSE"
"960887410616349";"FALSE"
"957810160924074";"FALSE"
"960886167283140";"FALSE"
"977023632336060";"FALSE"
"977026749002415";"FALSE"
"977031212335302";"FALSE"
"966948773343546";"FALSE"
"962142200490870";"FALSE"
"957889700916120";"FALSE"
"960895487282208";"FALSE"
"951659518205805";"FALSE"
"961917887179968";"FALSE"
"977055292332894";"FALSE"
"960899887281768";"FALSE"
"966870166684740";"FALSE"
"946629355375488";"FALSE"
"962364803801943";"FALSE"
"961151573923266";"FALSE"
"961068893931534";"FALSE"
"960882880616802";"FALSE"
"977215008983589";"FALSE"
"960927587278998";"FALSE"
"951586488213108";"FALSE"
"977017742336649";"FALSE"
"960977197274037";"FALSE"
"961229657248791";"FALSE"
"960871470617943";"FALSE"
"960925213945902";"FALSE"
"977036275668129";"FALSE"
"951535474884876";"FALSE"
"961090720596018";"FALSE"
"962255943812829";"FALSE"
"966915666680190";"FALSE"
"951880531517037";"FALSE"
"951539844884439";"FALSE"
"961015957270161";"FALSE"
"962167293821694";"FALSE"
"951531311551959";"FALSE"
"857153037656454";"FALSE"
"855124314525993";"FALSE"
"855237164514708";"FALSE"
"855192241185867";"FALSE"
"861954450509646";"FALSE"
"861955920509499";"FALSE"
"855586274479797";"FALSE"
"855642151140876";"FALSE"
"855157614522663";"FALSE"
"855609967810761";"FALSE"
"855484427823315";"TRUE"
"855500454488379";"FALSE"
"855661501138941";"FALSE"
"855454291159662";"FALSE"
"855177577854000";"FALSE"
"855119494526475";"FALSE"
"855607874477637";"FALSE"
"855486114489813";"FALSE"
"855268461178245";"FALSE"
"855512187820539";"FALSE"
"855190114519413";"FALSE"
"855423804496044";"FALSE"
"855416484496776";"FALSE"
"855583121146779";"FALSE"
"861956123842812";"FALSE"
"855109371194154";"FALSE"
"861968317174926";"FALSE"
"855180131187078";"FALSE"
"855451954493229";"FALSE"
"861943053844119";"FALSE"
"855294677842290";"TRUE"
"855160411189050";"FALSE"
"855122281192863";"FALSE"
"855825091122582";"FALSE"
"861968210508270";"FALSE"
"855156244522800";"FALSE"
"855625237809234";"FALSE"
"855598654478559";"FALSE"
"855624247809333";"FALSE"
"856094281095663";"FALSE"
"855114854526939";"FALSE"
"855431594495265";"FALSE"
"861937710511320";"FALSE"
"855116751193416";"FALSE"
"855484727823285";"FALSE"
"855603651144726";"FALSE"
"855119244526500";"FALSE"
"855152031189888";"FALSE"
"855163021188789";"FALSE"
"861955210509570";"FALSE"
"861956933842731";"FALSE"
"855695037802254";"FALSE"
"855110947860663";"FALSE"
"855489517822806";"FALSE"
"855111991193892";"FALSE"
"855271211177970";"FALSE"
"855538417817916";"FALSE"
"855118804526544";"FALSE"
"856316047740153";"FALSE"
"861951900509901";"FALSE"
"855624581142633";"FALSE"
"855687864469638";"FALSE"
"855183547853403";"FALSE"
"855154281189663";"FALSE"
"861966020508489";"FALSE"
"855132131191878";"FALSE"
"855115014526923";"FALSE"
"855226451182446";"FALSE"
"861944963843928";"FALSE"
"855600447811713";"FALSE"
"861950180510073";"FALSE"
"855201167851641";"FALSE"
"855153674523057";"FALSE"
"861968450508246";"FALSE"
"861943553844069";"FALSE"
"861944110510680";"FALSE"
"855126007859157";"FALSE"
"855580754480349";"FALSE"
"855121767859581";"FALSE"
"855583581146733";"FALSE"
"855589931146098";"FALSE"
"855496787822079";"FALSE"
"856310707740687";"FALSE"
"855146881190403";"FALSE"
"855114901193601";"FALSE"
"861970293841395";"FALSE"
"855110284527396";"FALSE"
"855187011186390";"FALSE"
"855148791190212";"FALSE"
"855481001156991";"FALSE"
"855361464502278";"TRUE"
"855204514517973";"FALSE"
"855111904527234";"FALSE"
"855586877813070";"FALSE"
"855146331190458";"FALSE"
"855481917823566";"FALSE"
"855612821143809";"FALSE"
"855578674480557";"FALSE"
"855158344522590";"FALSE"
"855507267821031";"FALSE"
"861964757175282";"FALSE"
"855180341187057";"FALSE"
"855622844476140";"FALSE"
"855502084488216";"FALSE"
"855111381193953";"FALSE"
"855116121193479";"FALSE"
"855147257857032";"FALSE"
"855147574523667";"FALSE"
"855617527810005";"FALSE"
"855656057806152";"FALSE"
"855063347865423";"FALSE"
"855161874522237";"FALSE"
"855112257860532";"FALSE"
"855546357817122";"FALSE"
"861964387175319";"FALSE"
"855267281178363";"FALSE"
"855500537821704";"FALSE"
"855634177808340";"FALSE"
"855115621193529";"FALSE"
"855422447829513";"FALSE"
"855160374522387";"FALSE"
"855497954488629";"FALSE"
"861943413844083";"FALSE"
"855121317859626";"FALSE"
"855484841156607";"FALSE"
"855623331142758";"FALSE"
"861957967175961";"FALSE"
"855627007809057";"FALSE"
"855492831155808";"FALSE"
"855755944462830";"FALSE"
"855539141151177";"FALSE"
"855624354475989";"FALSE"
"855166054521819";"FALSE"
"855133824525042";"FALSE"
"855469801158111";"FALSE"
"855663564472068";"FALSE"
"855423514496073";"FALSE"
"861945587177199";"FALSE"
"855587864479638";"FALSE"
"855868784451546";"FALSE"
"855210094517415";"FALSE"
"855157901189301";"FALSE"
"855807391124352";"FALSE"
"856134954424929";"FALSE"
"855148454523579";"FALSE"
"855665754471849";"FALSE"
"855705014467923";"FALSE"
"861947070510384";"FALSE"
"861970353841389";"FALSE"
"855133711191720";"FALSE"
"855061824532242";"FALSE"
"945881105450313";"FALSE"
"945437185494705";"FALSE"
"946350515403372";"FALSE"
"945885555449868";"FALSE"
"945447232160367";"FALSE"
"945832145455209";"FALSE"
"946369335401490";"FALSE"
"945845902120500";"FALSE"
"945836945454729";"FALSE"
"945835802121510";"FALSE"
"945435225494901";"FALSE"
"945907595447664";"FALSE"
"945828588788898";"FALSE"
"945485745489849";"FALSE"
"945846215453802";"FALSE"
"946371615401262";"FALSE"
"946358045402619";"FALSE"
"945833015455122";"FALSE"
"945858058785951";"FALSE"
"945829092122181";"FALSE"
"945980528773704";"FALSE"
"946391518732605";"FALSE"
"945832662121824";"FALSE"
"945830382122052";"FALSE"
"945372205501203";"FALSE"
"935802633124827";"FALSE"
"945407232164367";"FALSE"
"945360025502421";"FALSE"
"945853165453107";"FALSE"
"945894082115682";"FALSE"
"945459738825783";"FALSE"
"945906188781138";"FALSE"
"945877382117352";"FALSE"
"945911662113924";"FALSE"
"945452185493205";"FALSE"
"945848752120215";"FALSE"
"945854145453009";"FALSE"
"945371842167906";"FALSE"
"945833195455104";"FALSE"
"945837645454659";"FALSE"
"945839945454429";"FALSE"
"945959418775815";"FALSE"
"945349908836766";"FALSE"
"945372935501130";"FALSE"
"945905835447840";"FALSE"
"945903308781426";"FALSE"
"945358215502602";"FALSE"
"945838605454563";"FALSE"
"945379908833766";"FALSE"
"945879612117129";"FALSE"
"945465585491865";"FALSE"
"945876035450820";"FALSE"
"945834648788292";"FALSE"
"945893395449084";"FALSE"
"945449522160138";"FALSE"
"945351358836621";"FALSE"
"945436332161457";"FALSE"
"945830188788738";"FALSE"
"945838695454554";"FALSE"
"945846622120428";"FALSE"
"945827922122298";"FALSE"
"945892488782508";"FALSE"
"945837395454684";"FALSE"
"945828268788930";"FALSE"
"945353755503048";"FALSE"
"945496728822084";"FALSE"
"945834182121672";"FALSE"
"945851805453243";"FALSE"
"946100065428417";"FALSE"
"945418608829896";"FALSE"
"945882612116829";"FALSE"
"945445412160549";"FALSE"
"945999458771811";"FALSE"
"945853402119750";"FALSE"
"945357835502640";"FALSE"
"945379548833802";"FALSE"
"945837228788034";"FALSE"
"945837992121291";"FALSE"
"946002235438200";"FALSE"
"945856108786146";"FALSE"
"935777356460688";"TRUE"
"945796395458784";"FALSE"
"945835768788180";"FALSE"
"945885508783206";"FALSE"
"945845895453834";"FALSE"
"945432045495219";"FALSE"
"945853772119713";"FALSE"
"945355532169537";"FALSE"
"945831898788567";"FALSE"
"945835875454836";"FALSE"
"945826628789094";"FALSE"
"945886172116473";"FALSE"
"945440475494376";"FALSE"
"945853868786370";"FALSE"
"945833845455039";"FALSE"
"945871895451234";"FALSE"
"945932608778496";"FALSE"
"945876032117487";"FALSE"
"945904212114669";"FALSE"
"945879038783853";"FALSE"
"945901755448248";"FALSE"
"945850182120072";"FALSE"
"945834525454971";"FALSE"
"945383265500097";"FALSE"
"945828342122256";"FALSE"
"945849848786772";"FALSE"
"945894622115628";"TRUE"
"945858595452564";"FALSE"
"945911832113907";"FALSE"
"946351685403255";"FALSE"
"945833532121737";"FALSE"
"945923558779401";"FALSE"
"945995185438905";"FALSE"
"945837505454673";"FALSE"
"945876298784127";"FALSE"
"945353898836367";"FALSE"
"945445895493834";"FALSE"
"945845002120590";"FALSE"
"945838055454618";"FALSE"
"945858232119267";"FALSE"
"945364102168680";"FALSE"
"946006728771084";"FALSE"
"945350158836741";"FALSE"
"945979112107179";"FALSE"
"946369945401429";"FALSE"
"945906388781118";"FALSE"
"946345978737159";"FALSE"
"945834965454927";"FALSE"
"945828105455613";"FALSE"
"945355552169535";"FALSE"
"946366135401810";"FALSE"
"945988785439545";"FALSE"
"945916155446808";"FALSE"
"945829768788780";"FALSE"
"945990798772677";"FALSE"
"945864248785332";"FALSE"
"945839378787819";"FALSE"
"945828732122217";"FALSE"
"945921538779603";"FALSE"
"945846088787148";"FALSE"
"945373852167705";"FALSE"
"945431325495291";"FALSE"
"945878098783947";"FALSE"
"945909968780760";"FALSE"
"945980332107057";"FALSE"
"945635002141590";"FALSE"
"1007140919324331";"FALSE"
"991252924246464";"FALSE"
"1010180925686997";"FALSE"
"991408184230938";"FALSE"
"1007145545990535";"FALSE"
"1010182322353524";"FALSE"
"1007228959315527";"FALSE"
"1010175449020878";"FALSE"
"993581754013581";"FALSE"
"991241824247574";"FALSE"
"991245424247214";"FALSE"
"1007149992656757";"FALSE"
"993560100682413";"FALSE"
"991522110886212";"FALSE"
"1010181439020279";"FALSE"
"991360434235713";"FALSE"
"991258864245870";"FALSE"
"991375740900849";"FALSE"
"1007223985982691";"TRUE"
"993847683986988";"FALSE"
"1007136965991393";"FALSE"
"1010175459020877";"FALSE"
"991243904247366";"FALSE"
"991242127580877";"FALSE"
"991245150913908";"FALSE"
"991274667577623";"FALSE"
"1007133599325063";"FALSE"
"1007387682632988";"FALSE"
"991269104244846";"FALSE"
"1007312059307217";"FALSE"
"991271970911226";"FALSE"
"993439940694429";"FALSE"
"1007134042658352";"FALSE"
"1007297722641984";"FALSE"
"1007168135988276";"FALSE"
"1007489462622810";"FALSE"
"1010181072353649";"FALSE"
"991266754245081";"FALSE"
"991242967580793";"FALSE"
"991353070903116";"FALSE"
"991265954245161";"FALSE"
"994028237302266";"FALSE"
"993664167338673";"FALSE"
"991245954247161";"FALSE"
"1007494059289017";"FALSE"
"1010176429020780";"FALSE"
"991470144224742";"FALSE"
"1010180579020365";"FALSE"
"993437417361348";"FALSE"
"1010180882353668";"FALSE"
"1007149165990173";"FALSE"
"991401577564932";"FALSE"
"1010178705687219";"FALSE"
"991308507574239";"FALSE"
"1010179405687149";"FALSE"
"1007329059305517";"FALSE"
"1007139285991161";"FALSE"
"1007308755974214";"FALSE"
"1007137555991334";"FALSE"
"991247277580362";"FALSE"
"991244620913961";"FALSE"
"1010176549020768";"FALSE"
"1007193465985743";"FALSE"
"991305340907889";"FALSE"
"1007238449314578";"FALSE"
"1010182075686882";"FALSE"
"1007222802649476";"FALSE"
"991250390913384";"FALSE"
"1007211765983913";"FALSE"
"991265490911874";"FALSE"
"1007147909323632";"FALSE"
"991391747565915";"FALSE"
"997609383610818";"FALSE"
"991264664245290";"FALSE"
"994506060587817";"FALSE"
"991369364234820";"FALSE"
"1007141719324251";"FALSE"
"994076447297445";"FALSE"
"1007139329324490";"FALSE"
"1007182395986850";"FALSE"
"993541110684312";"FALSE"
"991251754246581";"FALSE"
"991270387578051";"FALSE"
"1007208472650909";"FALSE"
"991561197548970";"FALSE"
"991268330911590";"FALSE"
"991366280901795";"FALSE"
"1007291569309266";"FALSE"
"991266997578390";"FALSE"
"1007258489312574";"FALSE"
"1010177035687386";"FALSE"
"993548777350212";"FALSE"
"991242720914151";"FALSE"
"993526877352402";"FALSE"
"1007136869324736";"FALSE"
"1010179705687119";"FALSE"
"993492604022496";"FALSE"
"1007133372658419";"FALSE"
"1007138492657907";"FALSE"
"993615430676880";"FALSE"
"1010180382353718";"FALSE"
"991315900906833";"FALSE"
"993538647351225";"FALSE"
"1007495675955522";"TRUE"
"991514267553663";"FALSE"
"1007164362655320";"FALSE"
"1007332435971846";"FALSE"
"1010179112353845";"FALSE"
"1007201569318266";"FALSE"
"993811343990622";"FALSE"
"991257280912695";"FALSE"
"991255704246186";"FALSE"
"991322064239550";"FALSE"
"1007318939306529";"FALSE"
"991246860913737";"FALSE"
"993669574004799";"FALSE"
"1010180612353695";"FALSE"
"1007752902596466";"FALSE"
"1010182622353494";"FALSE"
"1007220149316408";"FALSE"
"991290890909334";"FALSE"
"993536217351468";"FALSE"
"993560107349079";"FALSE"
"991576984214058";"TRUE"
"993532890685134";"FALSE"
"1010177389020684";"FALSE"
"1007133312658425";"TRUE"
"991253337579756";"FALSE"
"991259424245814";"FALSE"
"1007275222644234";"TRUE"
"991242784247478";"FALSE"
"991272590911164";"FALSE"
"991266484245108";"FALSE"
"993512170687206";"FALSE"
"993658924005864";"FALSE"
"993527630685660";"FALSE"
"1007219332649823";"FALSE"
"991243887580701";"FALSE"
"991272160911207";"FALSE"
"1007226645982425";"FALSE"
"1007147579323665";"FALSE"
"993793927325697";"FALSE"
"991293777575712";"FALSE"
"991379230900500";"FALSE"
"991248364246920";"FALSE"
"1007134379324985";"FALSE"
"991595917545498";"FALSE"
"991265187578571";"FALSE"
"991409790897444";"FALSE"
"991256817579408";"FALSE"
"993445280693895";"FALSE"
"1010176952354061";"FALSE"
"2003";"TRUE"
"2009";"FALSE"
"2010";"TRUE"
"2011";"TRUE"
"2014";"TRUE"
"2019";"TRUE"
"2020";"TRUE"
"2021";"FALSE"
"2025";"TRUE"
"2028";"TRUE"
"2031";"TRUE"
"2035";"TRUE"
"2036";"TRUE"
"2038";"TRUE"
"2040";"TRUE"
"2041";"TRUE"
"2042";"TRUE"
"2043";"TRUE"
"2044";"TRUE"
"2046";"TRUE"
"2048";"TRUE"
"2056";"FALSE"
"2057";"FALSE"
"2062";"TRUE"
"2064";"TRUE"
"2067";"FALSE"
"2068";"TRUE"
"2069";"TRUE"
"2072";"TRUE"
"2073";"TRUE"
"2074";"TRUE"
"2078";"TRUE"
"2080";"TRUE"
"2081";"FALSE"
"2083";"TRUE"
"2089";"TRUE"
"2091";"TRUE"
"2100";"TRUE"
"2104";"FALSE"
"2107";"TRUE"
"2108";"FALSE"
"2109";"TRUE"
"2111";"TRUE"
"2113";"TRUE"
"2114";"TRUE"
"2115";"TRUE"
"2120";"TRUE"
"2123";"TRUE"
"2125";"TRUE"
"2130";"TRUE"
"2133";"TRUE"
"2150";"TRUE"
"2152";"TRUE"
"2160";"TRUE"
"2162";"TRUE"
"2163";"TRUE"
"2164";"TRUE"
"2168";"FALSE"
"2169";"FALSE"
"2171";"TRUE"
"2176";"FALSE"
"2177";"TRUE"
"2179";"FALSE"
"2180";"TRUE"
"2181";"TRUE"
"2184";"FALSE"
